bic_nombre,bic_categoria,bic_entorno,municipio_nombre,bic_descripcion,boletin1_nombre,boletin1_url,boletin2_nombre,boletin2_url
RASCA,ZONA ARQUEOLÓGICA,falso,ARONA,"Bien de Interés Cultural con categoría de Zona Arqueológica de “Rasca”, en el municipio de Arona, declarado por Decreto 175/2006, de 28 de noviembre, del Gobierno de Canarias, publicado en el BOC nº 238 de 11 de diciembre de 2006.",BOC nº 238 de 11 de diciembre de 2006,http://www.gobiernodecanarias.org/boc/2006/238/006.html,,
ROQUE DE JAMA - LA CENTINELA,ZONA ARQUEOLÓGICA,falso,ARONA,"Bien de Interés Cultural con categoría de Zona Arqueológica del “Roque de Jama-La Centinela”, en los municipios de Arona y San Miguel, incoado por Resolución de 27 de octubre de 2014 del Consejero Delegado de Cultura y Patrimonio Histórico del Cabildo Insular, publicado en el BOC nº 221 de 13 de noviembre de 2014, y delimitación por Decreto 22/2018, de 19 de febrero, del Gobierno de Canarias, publicado en el BOC nº 41 de 27 de febrero de 2018.",BOC nº 221 de 13 de noviembre de 2014,http://www.gobiernodecanarias.org/boc/2014/221/index.html,BOC nº 41 de 27 de febrero de 2018,http://www.gobiernodecanarias.org/boc/2018/041/010.html
VILLA Y PUERTO DE GARACHICO,CONJUNTO HISTÓRICO,falso,GARACHICO,"Bien de Interés Cultural con categoría de Conjunto Histórico de la “Villa y Puerto de Garachico”, en el municipio homónimo, declarado por Decreto 10/1994, de 11 de febrero, del Gobierno de Canarias, publicado en el BOC nº 28 de 7 de marzo de 1994. No cuenta con Plan Especial de Protección.",BOC nº 28 de 7 de marzo de 1994,http://www.gobiernodecanarias.org/boc/1994/028/006.html,,
LLANOS DE IFARA,ZONA ARQUEOLÓGICA,falso,GRANADILLA DE ABONA,"Bien de Interés Cultural con categoría de Zona Arqueológica de los “Llanos de Ifara”, en el municipio de Granadilla, declarada su delimitación por Decreto 103/2021, de 28 de octubre, del Gobierno de Canarias, publicado en el BOC nº 231 de 10 de noviembre de 2021.",BOC nº 231 de 10 de noviembre de 2021,https://www.gobiernodecanarias.org/boc/2021/231/013.html,,
BARRANCO DEL REY,ZONA ARQUEOLÓGICA,falso,ARONA,"Bien de Interés Cultural con categoría de Zona Arqueológica del “Barranco del Rey”, en el municipio de Arona, con delimitación declarada por Decreto 238/2017, de 4 de diciembre, del Gobierno de Canarias, publicado en el BOC nº 238 de 13 de diciembre de 2017.",BOC nº 238 de 13 de diciembre de 2017,http://www.gobiernodecanarias.org/boc/2017/238/012.html,,
ACANTILADOS DE TACORONTE Y BARRANCO DE GUAYONJE,ZONA ARQUEOLÓGICA,falso,TACORONTE,"Bien de Interés Cultural con categoría de Zona Arqueológica de los “Acantilados de Tacoronte y El Barranco de Guayonge”, en el municipio de Tacoronte, declarado por Decreto 87/2007, de 8 de mayo, del Gobierno de Canarias, publicado en el BOC nº 100 de 18 de mayo de 2007", BOC nº 100 de 18 de mayo de 2007,http://www.gobiernodecanarias.org/boc/2007/100/007.html,,
CONJUNTO HISTÓRICO DE SAN CRISTÓBAL DE LA LAGUNA,CONJUNTO HISTÓRICO,falso,LAGUNA (LA),"Bien de Interés Cultural con categoría de Conjunto Histórico del “Casco histórico de San Cristóbal de La Laguna”, en el municipio homónimo, declarado por Decreto 602/1985, de 20 de diciembre, del Gobierno de Canarias, publicado en el BOC nº 13 de 31 de enero de 1986. Cuenta con Plan Especial de Protección aprobado el 21 de julio de 2005.",BOC nº 13 de 31 de enero de 1986,http://www.gobiernodecanarias.org/boc/1986/013/005.html,,
EL  PUERTO DE LA CRUZ,CONJUNTO HISTÓRICO,falso,PUERTO DE LA CRUZ,"Bien de Interés Cultural con categoría de Conjunto Histórico del “Puerto de la Cruz”, en el municipio homónimo, declarado por Decreto 65/2006, de 23 de mayo, del Gobierno de Canarias, publicado en el BOC nº 111 de 9 de junio de 2006. No cuenta con Plan Especial de Protección.",BOC nº 111 de 9 de junio de 2006,http://www.gobiernodecanarias.org/boc/2006/111/009.html,,
ACANTILADO DE SAN JUAN DE LA RAMBLA Y LADERAS DE LOS BARRANCOS DE LA CHAURERA Y RUÍZ,ZONA ARQUEOLÓGICA,falso,SAN JUAN DE LA RAMBLA,"Bien de Interés Cultural con categoría de Zona Arqueológica de los “Acantilados de San Juan de la Rambla y Laderas de los barrancos de La Chaurera y Ruíz”, en el municipio de San Juan de la Rambla, declarado por Decreto 145/2008, de 1 de julio, del Gobierno de Canarias, publicado en el BOC nº 137 de 9 de julio de 2008.",BOC nº 137 de 9 de julio de 2008,http://www.gobiernodecanarias.org/boc/2008/137/002.html,,
VILLA DE LA OROTAVA,CONJUNTO HISTÓRICO,falso,OROTAVA (LA),"Bien de Interés Cultural con categoría de Conjunto Histórico de la “Villa de La Orotava”, en el municipio homónimo, declarado por Real Decreto 3302/1976, publicado en el BOE nº 73, de 26 de marzo de 1977, y delimitación del entorno de protección por Decreto 22/2005, de 22 de febrero, del Gobierno de Canarias, publicado en el BOC nº 45 de 4 de marzo de 2005. Cuenta con Plan Especial de Protección aprobado el 30 de noviembre de 2009.",BOE nº 73 de 26 de marzo de 1977,http://www.boe.es/boe/dias/1977/03/26/pdfs/A06924-06924.pdf,BOC nº 45 de 4 de marzo de 2005,http://www.gobiernodecanarias.org/boc/2005/045/004.html
TEGUESTE,CONJUNTO HISTÓRICO,falso,TEGUESTE,"Bien de Interés Cultural con categoría de Conjunto Histórico de “Tegueste”, en el municipio homónimo, declarado por Decreto 158/1986, de 24 de octubre, del Gobierno de Canarias, publicado en el BOC nº 132 de 3 de noviembre de 1986. Cuenta con Plan Especial de Protección y Reforma Interior publicado en el BOC de 7 de mayo de 2003.",BOC nº 132 de 3 de noviembre de 1986,http://www.gobiernodecanarias.org/boc/1986/132/005.html,,
BARRIO DE LOS HOTELES - PINO DE ORO,CONJUNTO HISTÓRICO,falso,SANTA CRUZ DE TENERIFE,"Bien de Interés Cultural con categoría de Conjunto Histórico del “Barrio de los Hoteles- Pino de Oro”, en el municipio de Santa Cruz, declarado por Decreto 67/2007, de 2 de abril, del Gobierno de Canarias, publicado en el BOC nº 74 de 13 de abril de 2007 y modificación de la delimitación declarada por Decreto 23/2023, de 16 de febrero, publicada en el BOC nº 40 de 27 de febrero de 2023.",BOC nº 74 de 13 de abril de 2007,http://www.gobiernodecanarias.org/boc/2007/074/005.html,BOC nº 40 de 27 de febrero de 2023,https://www.gobiernodecanarias.org/boc/2023/040/003.html
BARRANCO DE  ACENTEJO,SITIO HISTÓRICO,falso,MATANZA DE ACENTEJO (LA),"Bien de Interés Cultural con categoría de Sitio Histórico del “Barranco de Acentejo”, en el municipio de La Matanza, declarado por Decreto 54/2007, de 13 de marzo, del Gobierno de Canarias, publicado en el BOC nº 58 de 21 de marzo de 2007.",BOC nº 58 de 21 de marzo de 2007,http://www.gobiernodecanarias.org/boc/2007/058/004.html,,
CAMINO DE CANDELARIA,SITIO HISTÓRICO,falso,CANDELARIA,"Bien de Interés Cultural con categoría de Sitio Histórico del “Camino de Candelaria”, en los municipios de El Rosario y Candelaria, declarado por Decreto 227/2008, de 25 de noviembre, del Gobierno de Canarias, publicado en el BOC nº 245 de 9 de diciembre de 2008.",BOC nº 245 de 9 de diciembre de 2008,http://www.gobiernodecanarias.org/boc/2008/245/008.html,,
ICOD DE LOS VINOS,CONJUNTO HISTÓRICO,falso,ICOD DE LOS VINOS,"Bien de Interés Cultural con categoría de Conjunto Histórico de “Icod de los Vinos”, en el municipio homónimo, declarado por Decreto 142/2004, de 5 de octubre, del Gobierno de Canarias, publicado en el BOC nº 205 de 22 de octubre de 2004. No cuenta con Plan Especial de Protección.",BOC nº 205 de 22 de octubre de 2004,http://www.gobiernodecanarias.org/boc/2004/205/004.html,,
CAMINO DEL SOCORRO,SITIO HISTÓRICO,falso,GÜIMAR,"Bien de Interés Cultural con categoría de Sitio Histórico del “Camino del Socorro”, en el municipio de Güímar, declarado por Decreto 118/2011, de 17 de mayo, del Gobierno de Canarias, publicado en el BOC nº 106 de 31 de mayo de 2011.",BOC nº 106 de 31 de mayo de 2011,http://www.gobiernodecanarias.org/boc/2011/106/012.html,,
RISCO DE LA SABINA,ZONA ARQUEOLÓGICA,falso,VICTORIA DE ACENTEJO (LA),"Bien de Interés Cultural con categoría de Zona Arqueológica del “Risco de la Sabina”, en los municipios de La Victoria y La Matanza de Acentejo, declarado por Decreto 10/2004, de 3 de febrero, del Gobierno de Canarias, publicado en el BOC nº 25 de 6 de febrero de 2004.  ",BOC nº 25 de 6 de febrero de 2004,http://www.gobiernodecanarias.org/boc/2004/025/005.html,,
CASERÍO DE ICOR,CONJUNTO HISTÓRICO,falso,ARICO,"Bien de Interés Cultural con categoría de Conjunto Histórico del “Caserío de Icor”, en el municipio de Arico, declarado por Decreto 76/2005, de 17 de mayo, del Gobierno de Canarias, publicado en el BOC nº 103 de 26 de mayo de 2005. No cuenta con Plan Especial de Protección.",BOC Nº 103 de 26 de mayo de 2005,http://www.gobiernodecanarias.org/boc/2005/103/005.html,,
MORRO GRUESO,ZONA ARQUEOLÓGICA,falso,ADEJE,"Bien de Interés Cultural con categoría de Zona Arqueológica de “Morro Grueso”, en el municipio de Adeje, declarado en virtud del artículo 62.2.a) de la Ley 4/1999, de 15 de marzo, de Patrimonio Histórico de Canarias y delimitación por Decreto 60/2002, de 6 de mayo, del Gobierno de Canarias, publicado en el BOC nº 65 de 22 de mayo de 2002.",BOC nº 65 de 22 de mayo de 2002,http://www.gobiernodecanarias.org/boc/2002/065/016.html,,
ROQUE DE CHIJAFE,ZONA ARQUEOLÓGICA,falso,ARONA,"Bien de Interés Cultural con categoría de Zona Arqueológica del “Roque de Chijafe”, en el municipio de Arona, declarado por Decreto 208/2008, de 14 de octubre, del Gobierno de Canarias, publicado en el BOC nº 213 de 23 de octubre de 2008.",BOC nº 213 de 23 de octubre de 2008,http://www.gobiernodecanarias.org/boc/2008/213/005.html,,
CASERIOS DE CHIRCHE  Y  ARIPE,CONJUNTO HISTÓRICO,falso,GUIA DE ISORA,"Bien de Interés Cultural con categoría de Conjunto Histórico de los “Caseríos de Chirche y Aripe”, en el municipio de Guía de Isora, declarado por Decreto 223/2008, de 18 de noviembre, del Gobierno de Canarias, publicado en el BOC nº 239 de 28 de noviembre de 2008. No cuenta con Plan Especial de Protección.",BOC nº 239 de 28 de noviembre de 2008,http://www.gobiernodecanarias.org/boc/2008/239/011.html,,
CASERIO  DE MASCA,CONJUNTO HISTÓRICO,falso,BUENAVISTA DEL NORTE,"Bien de Interés Cultural con categoría de Conjunto Histórico del “Caserío de Masca”, en el municipio de Buenavista del Norte, declarado por Decreto 126/2004, de 7 de septiembre, del Gobierno de Canarias, publicado en el BOC nº 185 de 23 de septiembre de 2004. No cuenta con Plan Especial de Protección.",BOC nº 185 de 23 de septiembre de 2004,http://www.gobiernodecanarias.org/boc/2004/185/004.html,,
CASERIO DE LA HOYA,SITIO HISTÓRICO,falso,SAN MIGUEL,"Bien de Interés Cultural con categoría de Sitio Etnológico del “Caserío de la Hoya”, en el municipio de San Miguel, declarado por Decreto 44/2015, de 9 de abril, del Gobierno de Canarias, publicado en el BOC nº 73 de 17 de abril de 2015.", BOC nº 73 de 17 de abril de 2015,http://www.gobiernodecanarias.org/boc/2015/073/index.html,,
BARRANCO DE AGUA DE DIOS,ZONA ARQUEOLÓGICA,falso,TEGUESTE,"Bien de Interés Cultural con categoría de Zona Arqueológica del “Barranco de Agua de Dios”, en los municipios de Tegueste y San Cristóbal de La Laguna, declarado por Decreto 166/2006, de 14 de noviembre, del Gobierno de Canarias, publicado en el BOC nº 228 de 23 de noviembre de 2006, y modificación de la delimitación por Resolución del Consejero Insular de 17 de septiembre de 2020, publicado en el BOC nº 13 de 20 de enero de 2021.",BOC nº 228 de 23 de noviembre de 2006,http://www.gobiernodecanarias.org/boc/2006/228/005.html,BOC nº 13 de 20 de enero de 2021,http://www.gobiernodecanarias.org/boc/2021/013/022.html
PICO  YEJE,ZONA ARQUEOLÓGICA,falso,BUENAVISTA DEL NORTE,"Bien de Interés Cultural con categoría de Zona Arqueológica de “Pico Yeje”, en el municipio de Buenavista del Norte, declarado por Decreto 74/2006, de 31 de mayo, del Gobierno de Canarias, publicado en el BOC nº 113 de 13 de junio de 2006.",BOC nº 113 de 13 de junio de 2006,http://www.gobiernodecanarias.org/boc/2006/113/005.html,,
JUAN FERNANDEZ - LA FUENTECILLA,ZONA ARQUEOLÓGICA,falso,TACORONTE,"Bien de Interés Cultural con categoría de Zona Arqueológica de “Juan Fernández-La Fuentecilla” en el municipio de Tacoronte, declarado por Decreto 128/2008, de 3 de junio, del Gobierno de Canarias, publicado en el BOC nº 118 de 13 de junio de 2008. ",BOC nº 118 de 13 de junio de 2008,http://www.gobiernodecanarias.org/boc/2008/118/007.html,,
ANTIGUO SANTA CRUZ,CONJUNTO HISTÓRICO,falso,SANTA CRUZ DE TENERIFE,"Bien de Interés Cultural con categoría de Conjunto Histórico del “Antiguo Santa Cruz”, en el municipio homónimo, declarado por Decreto 299/2007, de 31 de julio, del Gobierno de Canarias, publicado en el BOC nº 161 del 10 de agosto de 2007, y modificación de la delimitación por Decreto 131/2014, de 29 de diciembre, publicado en el BOC nº 4 de 8 de enero de 2015. No cuenta con Plan Especial de Protección.",BOC nº 161 del 10 de agosto de 2007,http://www.gobiernodecanarias.org/boc/2007/161/004.html,BOC nº 4 de 8 de enero de 2015,http://www.gobiernodecanarias.org/boc/2015/004/004.html
BARRANCO DE MILÁN,ZONA ARQUEOLÓGICA,falso,LAGUNA (LA),"Bien de Interés Cultural con categoría de Zona Arqueológica del ""Barranco de Milán"", en el municipio de San Cristóbal de La Laguna, incoado por Resolución de 5 de junio de 2023, del Director Insular de Planificación del Territorio y Patrimonio Histórico, publicado en el BOC nº 131 de 6 de julio de 2023.",BOC nº 131 de 6 de julio de 2023,https://www.gobiernodecanarias.org/boc/2023/131/019.html,,
CONJUNTO HISTÓRICO DE LOS SILOS,CONJUNTO HISTÓRICO,falso,SILOS (LOS),"Bien de Interés Cultural con categoría de Conjunto Histórico de “Los Silos”, en el municipio homónimo, declarado por Decreto 137/2004, de 29 de septiembre, del Gobierno de Canarias, publicado en el BOC nº 196 de 8 de octubre de 2004. Cuenta con Plan Especial de Protección aprobado el 5 de diciembre de 2002 y publicado en el BOP de 10 de marzo de 2003.",BOC nº 196 de 8 de octubre de 2004,http://www.gobiernodecanarias.org/boc/2004/196/002.html,,
LA BARRANQUERA,ZONA ARQUEOLÓGICA,falso,LAGUNA (LA),"Bien de Interés Cultural con categoría de Zona Arqueológica de “La Barranquera”, en el municipio de San Cristóbal de La Laguna, declarado por Decreto 214/2005, de 24 de noviembre, del Gobierno de Canarias, publicado en el BOC nº 237 de 2 de diciembre de 2005.",BOC nº 237 de 2 de diciembre de 2005,http://www.gobiernodecanarias.org/boc/2005/237/011.html,,
YACIMIENTO LAS TOSCAS,ZONA ARQUEOLÓGICA,falso,ARONA,"Bien de Interés Cultural con categoría de Zona Arqueológica del “Yacimiento de las Toscas”, en el municipio de Arona, declarado por Decreto 165/2006, de 14 de noviembre, del Gobierno de Canarias, publicado en el BOC nº 227 de 22 de noviembre de 2006.",BOC nº 227 de 22 de noviembre de 2006,http://www.gobiernodecanarias.org/boc/2006/227/011.html,,
ARONA,CONJUNTO HISTÓRICO,falso,ARONA,"Bien de Interés Cultural con categoría de Conjunto Histórico de “Arona”, en el municipio homónimo, declarado por Decreto 70/2007, de 2 de abril, del Gobierno de Canarias, publicado en el BOC nº 74 de 13 de abril de 2007. No cuenta con Plan Especial de Protección.",BOC nº 74 de 13 de abril de 2007,http://www.gobiernodecanarias.org/boc/2007/074/006.html,,
BUENAVISTA  DEL  NORTE,CONJUNTO HISTÓRICO,falso,BUENAVISTA DEL NORTE,"Bien de Interés Cultural con categoría de Conjunto Histórico del “Casco Histórico de Buenavista del Norte”, en el municipio homónimo, declarado por Decreto 21/2005, de 22 de febrero, del Gobierno de Canarias, publicado en el BOC nº 45 de 4 de marzo de 2005. No cuenta con Plan Especial de Protección.",BOC nº 45 de 4 de marzo de 2005,http://www.gobiernodecanarias.org/boc/2005/045/003.html,,
EL REALEJO BAJO,CONJUNTO HISTÓRICO,falso,REALEJOS (LOS),"Bien de Interés Cultural con categoría de Conjunto Histórico del “Casco Histórico del Realejo Bajo”, en el municipio de Los Realejos, declarado por Decreto 220/2005, de 1 de diciembre, del Gobierno de Canarias, publicado en el BOC nº 243 de 14 de diciembre de 2005. No cuenta con Plan Especial de Protección.",BOC nº 243 de 14 de diciembre de 2005,http://www.gobiernodecanarias.org/boc/2005/243/005.html,,
ROQUE DE VENTO,ZONA ARQUEOLÓGICA,falso,ARONA,"Bien de Interés Cultural con categoría de Zona Arqueológica del “Roque de Vento”, en el municipio de Arona, declarado por Decreto 77/2008, de 22 de abril, del Gobierno de Canarias, publicado en el BOC nº 90 de 6 de mayo de 2008.",BOC nº 90 de 6 de mayo de 2008,http://www.gobiernodecanarias.org/boc/2008/090/008.html,,
LAGO DE LA COSTA MARTIÁNEZ,JARDÍN HISTÓRICO,falso,PUERTO DE LA CRUZ,"Bien de Interés Cultural con categoría de Jardín Histórico del “Lago de la Costa de Martiánez”, en el término municipal de Puerto de la Cruz, declarado por decreto 93/2005, de 24 de mayo, del Gobierno de Canarias, publicado en el BOC nº 108 de 3 de junio de 2005.",BOC nº 108 de 3 de junio de 2005,http://www.gobiernodecanarias.org/boc/2005/108/010.html,,
SAN MIGUEL DE ABONA,CONJUNTO HISTÓRICO,falso,SAN MIGUEL,"Bien de Interés Cultural con categoría de Conjunto Histórico de “San Miguel de Abona”, en el municipio homónimo, declarado por Decreto 51/2013, de 16 de mayo, del Gobierno de Canarias, publicado en el BOC nº 99 de 24 de mayo de 2013. No cuenta con Plan Especial de Protección.",BOC nº 99 de 24 de mayo de 2013,http://www.gobiernodecanarias.org/boc/2013/099/004.html,,
GUÍA DE ISORA,CONJUNTO HISTÓRICO,falso,GUIA DE ISORA,"Bien de Interés Cultural con categoría de Conjunto Histórico de “Guía de Isora”, en el municipio homónimo, declarado por Decreto 27/2009, de 10 de marzo, del Gobierno de Canarias, publicado en el BOC nº 57 de 24 de marzo de 2009. No cuenta con Plan Especial de Protección.", BOC nº 57 de 24 de marzo de 2009,http://www.gobiernodecanarias.org/boc/2009/057/006.html,,
CASERIO DE TAUCHO,CONJUNTO HISTÓRICO,falso,ADEJE,"Bien de Interés Cultural con categoría de Conjunto Histórico de “El Caserío de Taucho”, en el municipio de Adeje, declarado por Decreto 94/2005, de 24 de mayo, del Gobierno de Canarias, publicado en el BOC nº 108 de 3 de junio de 2005. No cuenta con Plan Especial de Protección.", BOC nº 108 de 3 de junio de 2005,http://www.gobiernodecanarias.org/boc/2005/108/011.html,,
EL TOSCAL,CONJUNTO HISTÓRICO,falso,SANTA CRUZ DE TENERIFE,"Bien de Interés Cultural con categoría de Conjunto Histórico de “El Toscal”, en el municipio de Santa Cruz, declarado por Decreto 2/2007, de 16 de enero, del Gobierno de Canarias, publicado en el BOC nº 20 de 26 de enero de 2007. Cuenta con Plan Especial de Protección aprobado el 23 de diciembre de 2023.",BOC nº 20 de 26 de enero de 2007,http://www.gobiernodecanarias.org/boc/2007/020/008.html,,
CUEVA DE DON GASPAR,ZONA ARQUEOLÓGICA,falso,ICOD DE LOS VINOS,"Bien de Interés Cultural con categoría de Zona Arqueológica de la “Cueva de Don Gaspar”, en el municipio de Icod de los Vinos, declarado por Decreto 40/2006, de 9 de mayo, del Gobierno de Canarias, publicado en el BOC nº 96 de 19 de mayo de 2006.",BOC nº 96 de 19 de mayo de 2006,http://www.gobiernodecanarias.org/boc/2006/096/014.html,,
CASCO HISTÓRICO DE TACORONTE,CONJUNTO HISTÓRICO,verdadero,TACORONTE,"Bien de Interés Cultural con categoría de Conjunto Histórico del “Casco Histórico de Tacoronte”, en el municipio homónimo, declarado por Real Decreto 3047/80, de 12 de diciembre, publicado en el BOE nº 28 de 2 de febrero de 1981. No cuenta con Plan Especial de Protección.",BOE nº 28 de 2 de febrero de 1981,http://www.boe.es/boe/dias/1981/02/02/pdfs/A02407-02408.pdf,,
ROQUE DE  HÍGARA,ZONA ARQUEOLÓGICA,falso,ARONA,"Bien de Interés Cultural con categoría de Zona Arqueológica del “Roque de Hígara”, en el municipio de Arona, declarado por Decreto 35/2008, de 11 de marzo, del Gobierno de Canarias, publicado en el BOC nº 58 de 22 de marzo de 2008.",BOC nº 58 de 22 de marzo de 2008,http://www.gobiernodecanarias.org/boc/2008/058/007.html,,
PARQUE GARCÍA SANABRIA,JARDÍN HISTÓRICO,verdadero,SANTA CRUZ DE TENERIFE,"Bien de Interés Cultural con categoría de Jardín Histórico del “Parque García Sanabria”, en el municipio de Santa Cruz, declarado por Decreto 144/2016, de 5 de diciembre, del Gobierno de Canarias, publicado en el BOC nº 243 de 19 de diciembre de 2016",BOC nº 243 de 19 de diciembre de 2016,http://www.gobiernodecanarias.org/boc/2016/243/007.html,,
CONJUNTO HISTÓRICO DE ARICO EL NUEVO,CONJUNTO HISTÓRICO,falso,ARICO,"Bien de Interés Cultural con categoría de Conjunto Histórico de “Arico El Nuevo”, en el municipio de Arico, declarado por Decreto 14/2007, de 5 de febrero, del Gobierno de Canarias publicado en el BOC nº 32 de 13 de febrero de 2007. No cuenta con Plan Especial de Protección.",BOC nº 32 de 13 de febrero de 2007,http://www.gobiernodecanarias.org/boc/2007/032/008.html,,
LAS PARTIDAS DE FRANQUIS,ZONA ARQUEOLÓGICA,falso,TANQUE (EL),"Bien de Interés Cultural con categoría de Zona Arqueológica de “Las Partidas de Franquis”, en el municipio de El Tanque, delimitándose el entorno de protección por Decreto 88/2003, de 12 de mayo, del Gobierno de Canarias, publicado en el BOC nº 109 de 10 de junio de 2003.  ",BOC nº 109 de 10 de junio de 2003,http://www.gobiernodecanarias.org/boc/2003/109/012.html,,
VILLA DE ARICO,CONJUNTO HISTÓRICO,falso,ARICO,"Bien de Interés Cultural con categoría de Conjunto Histórico de la “Villa de Arico”, en el municipio de Arico, declarado por Decreto 71/2005, de 4 de mayo, del Gobierno de Canarias, publicado en el BOC nº 93 de 13 de mayo de 2005. No cuenta con Plan Especial de Protección.",BOC nº 93 de 13 de mayo de 2005,http://www.gobiernodecanarias.org/boc/2005/093/005.html,,
ROQUE DE LA  ABEJERA,ZONA ARQUEOLÓGICA,falso,ARONA,"Bien de Interés Cultural con categoría de Zona Arqueológica del “Roque de La Abejera”, en el municipio de Arona, con entorno de protección declarado por Decreto 73/2012, de 2 de agosto, publicado en el BOC nº 158 de 13 de agosto de 2012.",BOC nº 158 de 13 de agosto de 2012,http://www.gobiernodecanarias.org/boc/2012/158/002.html,,
CASERIO DE CASAS ALTAS,CONJUNTO HISTÓRICO,falso,ARONA,"Bien de Interés Cultural con categoría de Conjunto Histórico de “Casas Altas”, en los municipio de Arona y Vilaflor, declarado por Decreto 125/2004, de 7 de septiembre, del Gobierno de Canarias, publicado en el BOC nº 185 de 23 de septiembre de 2004.",BOC nº 185 de 23 de septiembre de 2004,http://www.gobiernodecanarias.org/boc/2004/185/003.html,,
PUNTA NEGRA,ZONA PALEONTOLÓGICA,falso,ARONA,"Bien de Interés Cultural con categoría de Zona Paleontológica de “Punta Negra”, en el municipio de Arona, declarado por Decreto 46/2007, de 27 de febrero, del Gobierno de Canarias, publicado en el BOC nº 48 de 7 de marzo de 2007.",BOC nº 48 de 7 de marzo de 2007,http://www.gobiernodecanarias.org/boc/2007/048/index.html,,
CASCO HISTÓRICO  DE GÜIMAR,CONJUNTO HISTÓRICO,falso,GÜIMAR,"Bien de Interés Cultural con categoría de Conjunto Histórico del “Casco Histórico de Güímar”, en el municipio homónimo, declarado por Decreto 180/2001, de 17 de septiembre, del Gobierno de Canarias, publicado en el BOC nº 132 de 10 de octubre de 2001. No cuenta con Plan Especial de Protección.",BOC nº 132 de 10 de octubre de 2001,http://www.gobiernodecanarias.org/boc/2001/132/016.html,,
COMPLEJO DE CHINGUARO,SITIO HISTÓRICO,falso,GÜIMAR,"Bien de Interés Cultural con categoría de Sitio Histórico del “Complejo de Chinguaro”, en el municipio de Güímar, declarado por Decreto 79/1999, de 6 de mayo, del Gobierno de Canarias, publicado en el BOC nº 77 de 14 de junio de 1999.",BOC nº 77 de 14 de junio de 1999,https://www.gobiernodecanarias.org/boc/1999/077/011.html,,
LADERA  DE  MARTIÁNEZ,ZONA ARQUEOLÓGICA,falso,PUERTO DE LA CRUZ,"Bien de Interés Cultural con categoría de Zona Arqueológica de las “Laderas de Martiánez”, en el municipio del Puerto de la Cruz, declarado por Decreto 412/2007, de 11 de diciembre, del Gobierno de Canarias, publicado en el BOC nº 255 de 24 de diciembre de 2007.",BOC nº 255 de 24 de diciembre de 2007,http://www.gobiernodecanarias.org/boc/2007/255/002.html,,
EL REALEJO ALTO,CONJUNTO HISTÓRICO,falso,REALEJOS (LOS),"Bien de Interés Cultural con categoría de Conjunto Histórico del “Realejo Alto”, en el municipio de Los Realejos, declarado por Decreto 46/2014, de 22 de mayo, del Gobierno de Canarias, publicado en el BOC nº 105 de 3 de junio de 2014. No cuenta con Plan Especial de Protección.",BOC nº 105 de 3 de junio de 2014,http://www.gobiernodecanarias.org/boc/2014/105/005.html,,
JARDÍN DE ACLIMATACIÓN DE LA OROTAVA (JARDIN BOTÁNICO),JARDÍN HISTÓRICO,falso,PUERTO DE LA CRUZ,"Bien de Interés Cultural con categoría de Jardín Histórico del “Jardín de Aclimatación de La Orotava”, en el municipio del Puerto de la Cruz, declarado por Decreto 161/1994, de 29 de julio, del Gobierno de Canarias, publicado en el BOC nº 104 de 24 de agosto de 1994.",BOC nº 104 de 24 de agosto de 1994,http://www.gobiernodecanarias.org/boc/1994/104/013.html,,
LLANO DE LA VIRGEN,SITIO HISTÓRICO,falso,GÜIMAR,"Bien de Interés Cultural con categoría de Sitio Histórico del “Llano de la Virgen”, en el municipio de Güímar, declarado por Decreto 50/2009, de 5 de mayo, del Gobierno de Canarias, publicado en el BOC nº 91 de 14 de mayo de 2009.",BOC nº 91 de 14 de mayo de 2009,http://www.gobiernodecanarias.org/boc/2009/091/007.html,,
PLAYA DEL BUNKER - EL GUINCHO,ZONA PALEONTOLÓGICA,falso,ARONA,"Bien de Interés Cultural con categoría de Zona Paleontológica de la “Playa del Bunker-el Guincho”, en el municipio de Arona, declarado por Decreto 372/2007, de 16 de octubre, del Gobierno de Canarias, publicado en el BOC nº 217 de 29 de octubre de 2007.",BOC nº 217 de 29 de octubre de 2007,http://www.gobiernodecanarias.org/boc/2007/217/003.html,,
VILLA DE SAN JUAN DE LA RAMBLA,CONJUNTO HISTÓRICO,falso,SAN JUAN DE LA RAMBLA,"Bien de Interés Cultural con categoría de Conjunto Histórico de la “Villa de San Juan de la Rambla”, en el municipio homónimo, declarado por Acuerdo de Gobierno de Canarias de 28 de noviembre de 1990, publicado en el BOC nº 92 de 16 de julio de 1993. No cuenta con Plan Especial de Protección.",BOC nº 92 de 16 de julio de 1993,http://www.gobiernodecanarias.org/boc/1993/092/012.html,,
IGLESIA Y CEMENTERIO DE SAN JUAN BAUTISTA,MONUMENTO,verdadero,LAGUNA (LA),"Bien de Interés Cultural con categoría de Monumento de la “Iglesia y Cementerio de San Juan Bautista”, en el municipio de San Cristóbal de La Laguna, declarado por Decreto 69/2000, de 8 de mayo, del Gobierno de Canarias, publicado en el BOC nº 68 de 2 de junio de 2000.",BOC nº 68 de 2 de junio de 2000,http://www.gobiernodecanarias.org/boc/2000/068/004.html,,
ROQUE DE MALPASO,ZONA ARQUEOLÓGICA,falso,ARONA,"Bien de Interés Cultural con categoría de Zona Arqueológica del “Roque de Malpaso”, en el municipio de Arona, con entorno de protección declarado por Decreto 84/2003, de 12 de mayo, publicado en el BOC Nº 102 de 29 de mayo de 2003.",BOC Nº 102 de 29 de Mayo de 2003,http://www.gobiernodecanarias.org/boc/2003/102/009.html,,
ANTIGUO CONVENTO DE SANTO DOMINGO,MONUMENTO,verdadero,LAGUNA (LA),"Bien de Interés Cultural con categoría de Monumento del “Antiguo Convento de Santo Domingo”, en el municipio de San Cristóbal de La Laguna, declarado por Decreto 206/2008, de 7 de octubre, del Gobierno de Canarias, publicado en el BOC nº 209 de 17 de octubre de 2008.",BOC nº 209 de 17 de octubre de 2008,http://www.gobiernodecanarias.org/boc/2008/209/008.html,,
CASA FUERTE,MONUMENTO,verdadero,ADEJE,"Bien de Interés Cultural con categoría de Monumento de la “Casa Fuerte de Adeje”, en el municipio homónimo, declarado por Decreto 30/1986, de 7 de febrero, del Gobierno de Canarias, publicado en el BOC nº 28 de 7 de marzo de 1986, y modificación de la categoría y delimitación del entorno de protección por Decreto 424/2007, de 26 de diciembre, del Gobierno de Canarias, publicado en el BOC nº 3 de 4 de enero de 2008.",BOC nº 28 de 7 de marzo de 1986,http://www.gobiernodecanarias.org/boc/1986/028/006.html,BOC nº 3 de 4 de enero de 2008,http://www.gobiernodecanarias.org/boc/2008/003/004.html
CEMENTERIO DE SAN RAFAEL Y SAN ROQUE,MONUMENTO,verdadero,SANTA CRUZ DE TENERIFE,"Bien de Interés Cultural con categoría de Monumento del “Cementerio de San Rafael y San Roque”, en el municipio de Santa Cruz, declarado por Decreto 99/2006, de 11 de julio, del Gobierno de Canarias, publicado en el BOC nº 144 de 26 de julio de 2006.",BOC nº 144 de 26 de julio de 2006,http://www.gobiernodecanarias.org/boc/2006/144/003.html,,
CASA DEL PATIO,MONUMENTO,verdadero,SANTIAGO DEL TEIDE,"Bien de Interés Cultural con categoría de Monumento de la “Casa del Patio”, en el municipio de Santiago del Teide, declarado por Decreto 59/2014, de 29 de mayo, del Gobierno de Canarias, publicado en el BOC nº 109 de 9 de junio de 2014.
25. SILOS
",BOC nº 109 de 9 de junio de 2014,http://www.gobiernodecanarias.org/boc/2014/109/004.html,,
ANTIGUO CONVENTO  AGUSTINO DEL ESPIRITU SANTO,MONUMENTO,falso,LAGUNA (LA),"Bien de Interés Cultural con categoría de Monumento del “Antiguo Convento Agustino del Espíritu Santo”, en el municipio de San Cristóbal de La Laguna, declarado por Real Decreto de 28 de julio de 1983, publicado en el BOE nº 243 de 11 de octubre de 1983.",BOE nº 243 de 11 de octubre de 1983,http://www.boe.es/boe/dias/1983/10/11/pdfs/A27631-27631.pdf,,
CUEVA DE LOS GUANCHES,ZONA ARQUEOLÓGICA,falso,ICOD DE LOS VINOS,"Bien de Interés Cultural con categoría de Zona Arqueológica de la “Cueva de los Guanches”, en el municipio de Icod de los Vinos, declarado por Decreto 125/2005, de 14 de junio, del Gobierno de Canarias, publicado en el BOC nº 124 de 27 de junio de 2005.",BOC nº 124 de 27 de junio de 2005,https://www.gobiernodecanarias.org/boc/2005/124/010.html,,
CONVENTO DE SANTA CATALINA DE SIENA,MONUMENTO,verdadero,LAGUNA (LA),"Bien de Interés Cultural con categoría de Monumento del “Convento de Santa Catalina de Siena”, en el municipio de San Cristóbal de La Laguna, declarado por Decreto 96/2013, de 20 de septiembre, del Gobierno de Canarias, publicado en el BOC nº 193 de 7 de octubre de 2013.",BOC nº 193 de 7 de octubre de 2013,http://www.gobiernodecanarias.org/boc/2013/193/index.html,,
MONASTERIO DE SANTA CLARA,MONUMENTO,falso,LAGUNA (LA),"Bien de Interés Cultural con categoría de Monumento del “Monasterio de Santa Clara”, en el municipio de San Cristóbal de La Laguna, declarado por Decreto de 27 de enero de 1978, publicado en el BOE nº 53 de de 3 de marzo de 1978. Incoación de la modificación de la categoría y delimitación del entorno de protección por Resolución de 2 de octubre de 2013 del Consejero Delegado de Cultura y Patrimonio Histórico, publicado en el BOC nº 203 de 21 de octubre de 2013. CADUCADO el expediente de delimitación, modificación y vinculación de bienes muebles por Orden de 11 de marzo de 2020 publicada en el BOC nº 60 de 26 de marzo de 2020.",BOE nº 53 de de 3 de marzo de 1978,http://www.boe.es/boe/dias/1978/03/03/pdfs/A05200-05200.pdf,,
CEMENTERIO DE LA OROTAVA,MONUMENTO,verdadero,OROTAVA (LA),"Bien de Interés Cultural con categoría de Monumento del “Cementerio de La Orotava”, en el municipio homónimo, declarado por Decreto 163/2005, de 28 de junio, del Gobierno de Canarias, publicado en el BOC nº 133 de 8 de julio de 2005.",BOC nº 133 de 8 de julio de 2005,http://www.gobiernodecanarias.org/boc/2005/133/007.html,,
ANTIGUO HOSPITAL CIVIL,MONUMENTO,verdadero,SANTA CRUZ DE TENERIFE,"Bien de Interés Cultural con categoría de Monumento del “Antiguo Hospital Civil”, en el municipio de Santa Cruz, declarado por Orden de 2 de diciembre de 1983 del Ministerio de Cultura, publicado en el BOE Nº 11 de 13 de enero de 1984 y delimitación del entorno de protección por Decreto 118/2008, de 27 de mayo, del Gobierno de Canarias, publicado en el BOC nº 112 de 6 de junio de 2008.",BOE Nº 11 de 13 de enero de 1984,http://www.boe.es/boe/dias/1984/01/13/pdfs/A00944-00944.pdf,BOC nº 112 de 6 de junio de 2008,http://www.gobiernodecanarias.org/boc/2008/112/014.html
ANTIGUO CONVENTO FRANCISCANO DE Nª  SRA. DE LOS ÁNGELES,MONUMENTO,verdadero,GARACHICO,"Bien de Interés Cultural con categoría de Monumento del “Antiguo Convento Franciscano de Ntra. Sra. de los Ángeles”, en el municipio de Garachico, declarado por Decreto 81/2014 de 10 de julio, del Gobierno de Canarias, publicado en el BOC nº 138 de 18 de julio de 2014.",BOC nº 138 de 18 de julio de 2014,http://www.gobiernodecanarias.org/boc/2014/138/004.html,,
CASERÍO SOBRE LA FUENTE,SITIO ETNOLÓGICO,verdadero,GRANADILLA DE ABONA,"Bien de Interés Cultural con categoría de Sitio Etnológico del “Caserío sobre La Fuente”, en el municipio de Granadilla, declarado por Decreto 63/2015, de 23 de abril, del Gobierno de Canarias, publicado en el BOC nº 84 de 5 de mayo de 2015.",BOC nº 84 de 5 de mayo de 2015,https://www.gobiernodecanarias.org/boc/2015/084/002.html,,
BARRIO DE LOS QUEVEDOS,SITIO HISTÓRICO,falso,SAN JUAN DE LA RAMBLA,"Bien de Interés Cultural con categoría de Sitio Histórico del “Barrio de los Quevedos”, en el municipio de San Juan de la Rambla, declarado por Decreto 84/2008, de 29 de abril, del Gobierno de Canarias, publicado en el BOC nº 93 de 9 de mayo de 2008.",BOC nº 93 de 9 de mayo de 2008,http://www.gobiernodecanarias.org/boc/2008/093/006.html,,
MONASTERIO DE LA INMACULADA CONCEPCIÓN,MONUMENTO,verdadero,GARACHICO,"Bien de Interés Cultural con categoría de Monumento del “Monasterio de la Inmaculada Concepción”, en el municipio de Garachico, declarado por Decreto 63/2014 de 5 de junio, del Gobierno de Canarias, publicado en el BOC nº 115 de 17 de junio de 2014.",BOC nº 115 de 17 de junio de 2014,http://www.gobiernodecanarias.org/boc/2014/115/007.html,,
SANTUARIO DE LA VIRGEN DE CANDELARIA Y CONVENTO,MONUMENTO,verdadero,CANDELARIA,"Bien de Interés Cultural con categoría de Monumento del “Santuario de la Virgen de Candelaria y Convento”, en el municipio homónimo, declarado por Decreto 62/2005, de 19 de abril, del Gobierno de Canarias, publicado en el BOC nº 82 de 27 de abril de 2005.",BOC nº 82 de 27 de abril de 2005,http://www.gobiernodecanarias.org/boc/2005/082/004.html,,
HIJUELA DEL BOTÁNICO (JARDÍN DE ACLIMATACIÓN DE LA OROTAVA),JARDÍN HISTÓRICO,verdadero,OROTAVA (LA),"Bien de Interés Cultural con categoría de Jardín Histórico de la “Hijuela del Botánico”, en el municipio de La Orotava, declarado por Decreto 226/2008, de 25 de noviembre, del Gobierno de Canarias, publicado en el BOC nº 244 de 5 de diciembre de 2008",BOC nº 244 de 5 de diciembre de 2008,http://www.gobiernodecanarias.org/boc/2008/244/009.html,,
ANTIGUO COLEGIO DE LA ASUNCIÓN,MONUMENTO,verdadero,SANTA CRUZ DE TENERIFE,"Bien de Interés Cultural con categoría de Monumento del “Antiguo Colegio de la Asunción”, en el municipio de Santa Cruz, declarado por Decreto 50/1986, de 14 de marzo, del Gobierno de Canarias, publicado en el BOC nº 38 de 2 de abril de 1986, y delimitación del entorno de protección por Decreto 171/2008, de 22 de julio, publicado en el BOC nº 154 de 1 de agosto de 2008.",BOC nº 38 de 2 de abril de 1986,http://www.gobiernodecanarias.org/boc/1986/038/006.html,BOC nº154 de 1 de agosto de 2008,http://www.gobiernodecanarias.org/boc/2008/154/010.html
ANTIGUO CONVENTO FRANCISCANO DEL ESPIRITU SANTO,MONUMENTO,verdadero,ICOD DE LOS VINOS,"Bien de Interés Cultural con categoría de Monumento del “Antiguo Convento Franciscano del Espíritu Santo”, en el municipio de Icod de los Vinos, declarado por Decreto 30/1986, de 7 de febrero, del Gobierno de Canarias, publicado en el BOC nº 28 de 7 de marzo de 1986, y modificación de la denominación y categoría, delimitación del entorno de protección y vinculación de los bienes muebles por Decreto 231/2017, de 20 de noviembre, del Gobierno de Canarias, publicado en el BOC nº 229 de 28 de noviembre de 2017.",BOC nº 28 de 7 de marzo de 1986,http://www.gobiernodecanarias.org/boc/1986/028/006.html,BOC nº 229 de 28 de noviembre de 2017,http://www.gobiernodecanarias.org/boc/2017/229/011.html
IGLESIA CATEDRAL DE SAN CRISTOBAL DE LA LAGUNA,MONUMENTO,falso,LAGUNA (LA),"Bien de Interés Cultural con categoría de Monumento Histórico Artístico de carácter nacional de la “Iglesia Catedral de San Cristóbal de La Laguna”, por Real Decreto 2912/1983, de 5 de octubre, publicado en el BOE nº 281 de 24 de noviembre de 1983. Desafectación parcial por Decreto 122/2006, publicado en el BOC nº 136 de 14 de julio de 2006.",BOE nº 281 de 24 de noviembre de 1983,http://www.boe.es/boe/dias/1983/11/24/pdfs/A31830-31830.pdf,BOC nº 136 de 14 de julio de 2006,http://www.gobiernodecanarias.org/boc/2006/136/029.html
HACIENDA DE LA QUINTA ROJA,MONUMENTO,verdadero,GARACHICO,"Bien de Interés Cultural con categoría de Monumento de la “Hacienda de La Quinta Roja”, en el municipio de Garachico, declarado por Decreto 73/2014, de 26 de junio, del Gobierno de Canarias, publicado en el BOC nº 128 de 4 de julio de 2014.",BOC nº 128 de 4 de julio de 2014,http://www.gobiernodecanarias.org/boc/2014/128/008.html,,
ARIPE,ZONA ARQUEOLÓGICA,verdadero,GUIA DE ISORA,"Bien de Interés Cultural con categoría de Zona Arqueológica de “Aripe”, en el municipio homónimo, declarada su delimitación por Decreto 105/2014, de 6 de noviembre, del Gobierno de Canarias, publicado en el BOC nº 222 de 14 de noviembre de 2014.",BOC nº 222 de 14 de noviembre de 2014,http://www.gobiernodecanarias.org/boc/2014/222/003.html,,
EX-CONVENTO DE SAN AGUSTÍN,MONUMENTO,verdadero,TACORONTE,"Bien de Interés Cultural con categoría de Monumento del “Exconvento de San Agustín”, en el municipio de Tacoronte, declarado por Decreto 61/2006, de 16 de mayo, publicado en el BOC nº 102 de 26 de mayo de 2006.",BOC nº 102 de 26 de mayo de 2006,http://www.gobiernodecanarias.org/boc/2006/102/017.html,,
IGLESIA NUESTRA SEÑORA DE LA CONCEPCIÓN,MONUMENTO,verdadero,LAGUNA (LA),"Bien de Interés Cultural con categoría de Monumento de la “Iglesia de la Concepción”, en el municipio de San Cristóbal de La Laguna, declarado por Decreto 423/1948, de 25 de junio, publicado en el BOE nº 189 de 7 de julio de 1948. Modificación de la categoría, vinculación de los bienes muebles y delimitación del entorno de protección por Decreto 69/2015, de 30 de abril, publicado en el BOC nº 93 de 18 de mayo de 2015.", BOE nº 189 de 7 de julio de 1948,https://www.boe.es/diario_gazeta/comun/pdf.php?p=1948/07/07/pdfs/BOE-1948-189.pdf,BOC nº 93 de 18 de mayo de 2015,http://www.gobiernodecanarias.org/boc/2015/093/index.html
IGLESIA DE NUESTRA SEÑORA DE LA CONCEPCIÓN,MONUMENTO,verdadero,SANTA CRUZ DE TENERIFE,"Bien de Interés Cultural con categoría de Monumento de la “Iglesia de Nuestra Señora de la Concepción”, en el municipio de Santa Cruz, declarado por el Ministerio de Cultura por Real Decreto 2653, de 28 de julio de 1983, publicado en el BOE nº 243 de 11 de octubre de 1983, y delimitación del entorno de protección por Decreto 243/2008, de 23 de diciembre, del Gobierno de Canarias, publicado en el BOC nº 5 de 9 de diciembre de 2009.",BOE nº 243 de 11 de octubre de 1983,http://www.boe.es/boe/dias/1983/10/11/pdfs/A27630-27631.pdf,,
PALACIO DE NAVA,MONUMENTO,verdadero,LAGUNA (LA),"Bien de Interés Cultural con categoría de Monumento del “Palacio de Nava”, en el municipio de San Cristóbal de La Laguna, declarado por Decreto 174/2000, de 6 de septiembre, del Gobierno de Canarias, publicado en el BOC nº 133 de 6 de octubre de 2000.",BOC nº 133 de 6 de octubre de 2000,http://www.gobiernodecanarias.org/boc/2000/133/009.html,,
CAMINO DEL CIPRÉS,SITIO HISTÓRICO,verdadero,OROTAVA (LA),"Bien de Interés Cultural con categoría de Sitio Histórico del “Camino del Ciprés”, en el municipio de La Orotava, declarado por Decreto 195/2008, de 16 de septiembre, del Gobierno de Canarias, publicado en el BOC nº 193 de 25 de septiembre de 2008, y modificación de la delimitación por Decreto 24/2005, de 12 de marzo, del Gobierno de Canarias, publicado en el BOC nº 55 de 20 de marzo de 2015.",BOC nº 193 de 25 de septiembre de 2008,http://www.gobiernodecanarias.org/boc/2008/193/008.html,BOC nº 55 de 20 de marzo de 2015,http://www.gobiernodecanarias.org/boc/2015/055/index.html
ESPACIO CULTURAL EL TANQUE,MONUMENTO,verdadero,SANTA CRUZ DE TENERIFE,"Bien de Interés Cultural con categoría de Monumento del “Espacio Cultural de El Tanque”, en el municipio de Santa Cruz, declarado por Decreto 32/2014, de 30 de abril, del Gobierno de Canarias, publicado en el BOC nº 89 de 9 de mayo de 2014.",BOC nº 89 de 9 de mayo de 2014,http://www.gobiernodecanarias.org/boc/2014/089/003.html,,
IGLESIA DEL CONVENTO DE SANTO DOMINGO,MONUMENTO,verdadero,GÜIMAR,"Bien de Interés Cultural con categoría de Monumento de la “Iglesia del Convento de Santo Domingo”, en el municipio de Güímar, declarado por Decreto 157/2008, de 15 de julio, del Gobierno de Canarias, publicado en el BOC nº 151 de 29 de julio de 2008.", BOC nº 151 de 29 de julio de 2008,http://www.gobiernodecanarias.org/boc/2008/151/007.html,,
AYUNTAMIENTO DE SANTA CRUZ,MONUMENTO,verdadero,SANTA CRUZ DE TENERIFE,"Bien de Interés Cultural con categoría de Monumento del “Ayuntamiento de Santa Cruz”, en el municipio homónimo, declarado por Decreto 30/1986, de 7 de febrero, del Gobierno de Canarias, publicado en el BOC nº 28 de 7 de marzo de 1986, y delimitación del entorno de protección por Decreto 117/2008, de 27 de mayo, del Gobierno de Canarias, publicado en el BOC nº 112 de 6 de junio de 2008.",BOC nº 28 de 7 de marzo de 1986,http://www.gobiernodecanarias.org/boc/1986/028/006.html,BOC nº 112 de 6 de junio de 2008,http://www.gobiernodecanarias.org/boc/2008/112/013.html
LAS RAÍCES,CONJUNTO HISTÓRICO,falso,ROSARIO (EL),"Bien de Interés Cultural con categoría de Conjunto Histórico de “Las Raíces”, en el municipio de El Rosario, declarado por Decreto 4395/1964, de 23 de diciembre, del Ministerio de Educación Nacional, publicado en el BOE nº 17 de 20 de enero de 1965. ",BOE nº 17 de 20 de enero de 1965,http://www.boe.es/boe/dias/1965/01/20/pdfs/A01115-01115.pdf,,
ANTIGUO  MERCADO,MONUMENTO,falso,SANTA CRUZ DE TENERIFE,"Bien de Interés Cultural con categoría de Monumento del ""Antiguo Mercado"", en el municipio de Santa Cruz, declarado por Real Decreto 1464/1983, de 16 de marzo, publicado en el BOE Nº 134 de 6 de junio de 1983 y delimitación del entorno de protección por Decreto 236/2008, de 9 de diciembre, del Gobierno de Canarias, publicado en el BOC nº 255 de 22 de diciembre de 2008.",BOE Nº 134 de 6 de junio de 1983,http://www.boe.es/boe/dias/1983/06/06/pdfs/A15691-15691.pdf,BOC nº 255 de 22 de diciembre de 2008,http://www.gobiernodecanarias.org/boc/2008/255/010.html
ESCUELA DE ARTES APLICADAS Y OFICIOS ARTISTICOS.,MONUMENTO,verdadero,SANTA CRUZ DE TENERIFE,"Bien de Interés Cultural con categoría de Monumento de la “Escuela de Artes Aplicadas y Oficios”, en el municipio homónimo, declarado por Decreto 30/1986, de 7 de febrero, del Gobierno de Canarias, publicado en el BOC nº 146 de 22 de julio de 2008, y delimitación del entorno de protección por Decreto 154/2008, de 7 de julio, del Gobierno de Canarias, publicado en el BOC nº 146 de 22 de julio de 2008.",BOC nº 146 de 22 de julio de 2008,http://www.gobiernodecanarias.org/boc/2008/146/001.html,,
"IGLESIA DEL CARMEN, PLAZA DE SAN AGUSTÍN Y SU ENTORNO",MONUMENTO,verdadero,REALEJOS (LOS),"Bien de Interés Cultural con categoría de Monumento de la “Iglesia del Carmen y Plaza de San Agustín”, en el municipio de Los Realejos, declarado por Decreto 90/2008, de 6 de mayo, del Gobierno de Canarias, publicado en el BOC nº 97 de 15 de mayo de 2008. ", BOC nº 97 de 15 de mayo de 2008,http://www.gobiernodecanarias.org/boc/2008/097/005.html,,
PALACIO INSULAR,MONUMENTO,verdadero,SANTA CRUZ DE TENERIFE,"Bien de Interés Cultural con categoría de Monumento del ""Palacio Insular”, en el municipio de Santa Cruz, declarado por Decreto 195/2017, de 4 de agosto, del Gobierno de Canarias, publicado en el BOC nº 156 de 14 de agosto de 2017.",BOC nº 156 de 14 de agosto de 2017,http://www.gobiernodecanarias.org/boc/2017/156/010.html,,
LA FINANCIERA,MONUMENTO,verdadero,SANTA CRUZ DE TENERIFE,"Bien de Interés Cultural con categoría de Monumento de “La Financiera”, en el municipio de Santa Cruz, declarado por Decreto 194/2008, de 16 de septiembre, del Gobierno de Canarias, publicado en el BOC nº 193 de 25 de septiembre de 2008.",BOC nº 193 de 25 de septiembre de 2008,http://www.gobiernodecanarias.org/boc/2008/193/007.html,,
ACUEDUCTO DE LOS MOLINOS,SITIO ETNOLÓGICO,verdadero,OROTAVA (LA),"Bien de Interés Cultural con categoría de Sitio Etnológico del “Acueducto de los Molinos”, en el municipio de La Orotava, declarado por Decreto 92/2006, de 4 de julio, del Gobierno de Canarias, publicado en el BOC nº 135 de 13 de julio de 2006.",BOC nº 135 de 13 de julio de 2006,http://www.gobiernodecanarias.org/boc/2006/135/007.html,,
HOSPITAL  E IGLESIA DE NUESTRA SEÑORA DE LOS  DOLORES,MONUMENTO,verdadero,LAGUNA (LA),"Bien de Interés Cultural con categoría de Monumento del “Hospital e Iglesia de Nuestra Señora de los Dolores”, en el municipio de San Cristóbal de La Laguna, declarado por Decreto 135/2008, de 17 de junio, del Gobierno de Canarias, publicado en el BOC nº 127 de 26 de junio de 2008.",BOC nº 127 de 26 de junio de 2008,http://www.gobiernodecanarias.org/boc/2008/127/008.html,,
CASA DE LOS CAPITANES GENERALES,MONUMENTO,verdadero,LAGUNA (LA),"Bien de Interés Cultural con categoría de Monumento de la “Casa de los Capitanes Generales”, en el municipio de San Cristóbal de La Laguna, declarado por Orden de 11 de noviembre de 1981 del Ministerio de Cultura, publicado en el BOE nº 290 de 4 de diciembre de 1981.",BOE nº 290 de 4 de diciembre de 1981,http://www.boe.es/boe/dias/1981/12/04/pdfs/A28535-28536.pdf,,
IGLESIA PARROQUIAL DE SAN FRANCISCO,MONUMENTO,verdadero,SANTA CRUZ DE TENERIFE,"Bien de Interés Cultural con categoría de Monumento de la “Iglesia Parroquial de San Francisco”, en el municipio de Santa Cruz, declarado por Decreto 30/1986, de 7 de febrero, del Gobierno de Canarias, publicado en el BOC nº 28 de 7 de marzo de 1986, y delimitación del entorno de protección por Decreto 242/2008, de 23 de diciembre, del Gobierno de Canarias, publicado en el BOC nº 2 de 5 de enero de 2009.",BOC nº 28 de 7 de marzo de 1986,http://www.gobiernodecanarias.org/boc/1986/028/006.html, BOC nº 2 de 5 de enero de 2009,http://www.gobiernodecanarias.org/boc/2009/002/005.html
IGLESIA DE SANTA ANA,MONUMENTO,verdadero,GARACHICO,"Bien de Interés Cultural con categoría de Monumento de la “Iglesia de Santa Ana”, en el municipio de Garachico, declarado por Decreto 30/2015 de 19 de marzo, del Gobierno de Canarias, publicado en el BOC nº 60 de 27 de marzo de 2015. ",BOC nº 60 de 27 de marzo de 2015,http://www.gobiernodecanarias.org/boc/2015/060/index.html,,
PARLAMENTO DE CANARIAS,MONUMENTO,verdadero,SANTA CRUZ DE TENERIFE,"Bien de Interés Cultural con categoría de Monumento del ""Parlamento de Canarias”, en el municipio de Santa Cruz, declarado por Decreto 50/1992, de 23 de abril, del Gobierno de Canarias, publicado en el BOC nº 54 de 29 de abril de 1992, y delimitación del entorno de protección por Decreto 235/2008, de 9 de diciembre, del Gobierno de Canarias, publicado en el BOC nº 255 de 22 de diciembre de 2008.",BOC nº 54 de 29 de abril de 1992,http://www.gobiernodecanarias.org/boc/1992/054/004.html,BOC nº 255 de 22 de diciembre de 2008.,http://www.gobiernodecanarias.org/boc/2008/255/009.html
POZOS  DE  NIEVE DE IZAÑA,SITIO ETNOLÓGICO,verdadero,OROTAVA (LA),"Bien de Interés Cultural con categoría de Sitio Etnológico de los “Pozos de nieve de Izaña”, en el municipio de La Orotava, declarado por Decreto 25/2009, de 3 de marzo, del Gobierno de Canarias, publicado en el BOC nº 47 de 10 de marzo de 2009.",BOC nº 47 de 10 de marzo de 2009,http://www.gobiernodecanarias.org/boc/2009/047/005.html,,
CASINO DE SANTA CRUZ DE TENERIFE,MONUMENTO,falso,SANTA CRUZ DE TENERIFE,"Bien de Interés Cultural con categoría de Monumento del “Casino de Santa Cruz”, en el municipio homónimo, declarado por Decreto 59/2006, de 16 de mayo, del Gobierno de Canarias, publicado en el BOC nº 102 de 26 de mayo de 2006.",BOC nº 102 de 26 de mayo de 2006,http://www.gobiernodecanarias.org/boc/2006/102/015.html,,
IGLESIA  DE NTRA. SRA. DE LA PEÑA DE FRANCIA,MONUMENTO,verdadero,PUERTO DE LA CRUZ,"Bien de Interés Cultural con categoría de Monumento de la “Iglesia de Nuestra Señora de la Peña de Francia”, en el municipio del Puerto de la Cruz, declarado por Decreto 85/2003, de 12 de mayo, del Gobierno de Canarias, publicado en el BOC nº 109 de 10 de junio de 2003.",BOC nº 109 de 10 de junio de 2003,http://www.gobiernodecanarias.org/boc/2003/109/009.html,,
IGLESIA DE NUESTRA SEÑORA DE LA CONCEPCIÓN,MONUMENTO,verdadero,OROTAVA (LA),"Bien de Interés Cultural con categoría de Monumento de la “Iglesia de la Concepción”, en el municipio de La Orotava, declarado por Decreto del Ministerio de Educación Nacional de 18 de junio de 1948, publicado en el BOE nº 181 de 29 de junio de 1948, y modificación de la categoría, delimitación del entorno de protección y vinculación de bienes muebles por Decreto 22/2015, de 5 de marzo, del Gobierno de Canarias, publicado en el BOC nº 51 de 16 de marzo de 2015. ",BOE nº 181 de 29 de junio de 1948,https://www.boe.es/gazeta/dias/1948/06/29/pdfs/BOE-1948-181.pdf,BOC nº 51 de 16 de marzo de 2015,https://www.gobiernodecanarias.org/boc/2015/051/003.html
IGLESIA DE SAN MARCOS,MONUMENTO,verdadero,ICOD DE LOS VINOS,"Bien de Interés Cultural con categoría de Monumento de la “Iglesia de San Marcos”, en el municipio de Icod de los Vinos, declarado por Decreto 60/2006, de 16 de mayo, del Gobierno de Canarias, publicado en el BOC nº 102 de 26 de mayo de 2006.",BOC nº 102 de 26 de mayo de 2006,http://www.gobiernodecanarias.org/boc/2006/102/016.html,,
CUEVA DE BENCOMO,MONUMENTO,falso,SANTA URSULA,"Bien de Interés Cultural con categoría de Monumento de la “Cueva de Bencomo”, en el municipio de Santa Úrsula, declarado por Decreto 49/1986, de 14 de marzo, del Gobierno de Canarias, publicado en el BOC nº 38 de 2 de abril de 1986.",BOC nº 38 de 2 de abril de 1986,http://www.gobiernodecanarias.org/boc/1986/038/005.html,,
IGLESIA DE SANTO DOMINGO,MONUMENTO,falso,LAGUNA (LA),"Bien de Interés Cultural con categoría de Monumento de la “Iglesia de Santo Domingo”, en el municipio de San Cristóbal de La Laguna, declarado por Decreto 602/1985, de 20 de diciembre, del Gobierno de Canarias, publicado en el BOC nº13 de 31 de enero de 1986.",BOC nº13 de 31 de enero de 1986,http://www.gobiernodecanarias.org/boc/1986/013/005.html,,
IGLESIA Y ANTIGUO CONVENTO  FRANCISCANO,MONUMENTO,verdadero,GRANADILLA DE ABONA,"Bien de Interés Cultural con categoría de Monumento de la “Iglesia y Antiguo Convento Franciscano”, en el municipio de Granadilla, declarado por Decreto 602/1985, de 20 de diciembre, del Gobierno de Canarias, publicado en el BOC nº 13 de 31 de enero de 1986, y modificación de la categoría y delimitación del entorno de protección por Decreto 68/2013, de 20 de junio, del Gobierno de Canarias, publicado en el BOC nº 123 de 28 de junio de 2013.",BOC nº 13 de 31 de enero de 1986,http://www.gobiernodecanarias.org/boc/1986/013/005.html,BOC nº 123 de 28 de junio de 2013,http://www.gobiernodecanarias.org/boc/2013/123/002.html
CASA DE LUIS LAVAGGI,MONUMENTO,verdadero,PUERTO DE LA CRUZ,"Bien de Interés Cultural con categoría de Monumento de la “Casa de Luis Lavaggi”, en el municipio del Puerto de la Cruz, declarado por Decreto 78/2015, de 7 de mayo, del Gobierno de Canarias, publicado en el BOC nº 93 de 18 de mayo de 2015.",BOC nº 93 de 18 de mayo de 2015,http://www.gobiernodecanarias.org/boc/2015/093/index.html,,
ANTIGUO CONVENTO  DE SAN SEBASTIÁN DE LAS MONJAS DE LA ORDEN DE SAN BERNARDO,MONUMENTO,verdadero,SILOS (LOS),"Bien de Interés Cultural con categoría de Monumento del “Antiguo Convento de San Sebastián de Las Monjas de la Orden de San Bernardo”, en el municipio de Los Silos, declarado por Decreto 30/1986, de 7 de febrero, del Gobierno de Canarias, publicado en el BOCAC nº 28 de 7 de marzo de 1986, y modificación de la denominación y de la categoría, y establecimiento del entorno de protección por Decreto 235/2017, de 17 de noviembre, del Gobierno de Canarias, publicado en el BOC nº 234 de 5 de diciembre de 2017. ",BOC nº 28 de 7 de marzo de 1986,http://www.gobiernodecanarias.org/boc/1986/028/006.html,BOC nº 234 de 5 de diciembre de 2017,http://www.gobiernodecanarias.org/boc/2017/234/018.html
IGLESIA DE NUESTRA SEÑORA DE LA CONCEPCIÓN,MONUMENTO,verdadero,REALEJOS (LOS),"Bien de Interés Cultural con categoría de Monumento de la “Iglesia de Nuestra Señora de la Concepción”, en el municipio de Los Realejos, declarado por Decreto 264/2003 de 30 de septiembre, del Gobierno de Canarias, publicado en el BOC nº 199 de 13 de octubre de 2013. ",BOC nº 199 de 13 de octubre de 2013,http://www.gobiernodecanarias.org/boc/2003/199/002.html,,
PALACIO DE LERCARO,MONUMENTO,verdadero,LAGUNA (LA),"Bien de Interés Cultural con categoría de Monumento del “Palacio de Lercaro”, en el municipio de San Cristóbal de La Laguna, declarado por Decreto 86/2008, de 29 de abril, del Gobierno de Canarias, publicado en el BOC nº 95 de 13 de mayo de 2008.", BOC nº 95 de 13 de mayo de 2008,http://www.gobiernodecanarias.org/boc/2008/095/004.html,,
IGLESIA DE SAN PEDRO APOSTOL,MONUMENTO,verdadero,GÜIMAR,"Bien de Interés Cultural con categoría de Monumento de la “Iglesia de San Pedro Apóstol”, en el municipio de Güímar, declarado por Decreto 410/2007, de 11 de diciembre, del Gobierno de Canarias, publicado en el BOC nº 253 de 20 de diciembre de 2007.",BOC nº 253 de 20 de diciembre de 2007,http://www.gobiernodecanarias.org/boc/2007/253/007.html,,
CIRCULO DE AMISTAD XII DE ENERO,MONUMENTO,verdadero,SANTA CRUZ DE TENERIFE,"Bien de Interés Cultural con categoría de Monumento del “Círculo de Amistad XII de Enero”, en el municipio de Santa Cruz, declarado por Decreto 602/1985, de 20 de diciembre, del Gobierno de Canarias, publicado en el BOC nº 13 de 31 de enero de 1986, y delimitación del entorno de protección por Decreto 132/2008, de 10 de junio, del Gobierno de Canarias, publicado en el BOC nº 122 de 19 de junio de 2008.",BOC nº 13 de 31 de enero de 1986,http://www.gobiernodecanarias.org/boc/1986/013/005.html,BOC nº 122 de 19 de junio de 2008,http://www.gobiernodecanarias.org/boc/2008/122/016.html
CASTILLO DE SAN JOAQUÍN,MONUMENTO,verdadero,SANTA CRUZ DE TENERIFE,"Bien de Interés Cultural con categoría de Monumento del “Castillo de San Joaquín”, en el municipio de Santa Cruz, declarado por ministerio de la ley según Decreto de 22 de abril de 1949, publicado en el BOE nº 125 de 5 de mayo de 1949 y delimitación por Decreto 22/2000, de 15 de febrero, del Gobierno de Canarias, publicado en el BOC nº 81 de 30 de junio de 2000.",BOE Nº 125 de 5 de mayo de 1949,https://www.boe.es/datos/pdfs/BOE//1949/125/A02058-02059.pdf,BOC nº 81 de 30 de junio de 2000,http://www.gobiernodecanarias.org/boc/2000/081/031.html
TEATRO GUIMERÁ,MONUMENTO,verdadero,SANTA CRUZ DE TENERIFE,"Bien de Interés Cultural con categoría de Monumento del “Teatro Guimerá”, en el municipio de Santa Cruz, declarado por Real Decreto 1464/1983 de 16 de marzo, publicado en el BOE nº 134 de 6 de junio de 1983, y delimitación del entorno de protección por Decreto 146/2008, de 1 de julio, del Gobierno de Canarias, publicado en el BOC nº 137 de 9 de julio de 2008.",BOE nº 134 de 6 de junio de 1983,http://www.boe.es/boe/dias/1983/06/06/pdfs/A15691-15691.pdf, BOC nº 137 de 9 de julio de 2008,http://www.gobiernodecanarias.org/boc/2008/137/003.html
IGLESIA DE NTRA. SRA. DEL ROSARIO Y CASA DE LOS MESA,SITIO HISTÓRICO,verdadero,ROSARIO (EL),"Bien de Interés Cultural con categoría de Sitio Histórico de la “Iglesia de Nuestra Señora del Rosario y Casa de los Mesa”, en el municipio de El Rosario, declarado por Decreto 104/2003, de 16 de junio, publicado en el BOC nº 132 de 10 de julio de 2003, y modificación de la denominación por Decreto 128/2004, de 7 de septiembre, publicado en el BOC nº 181 de 17 de septiembre de 2004.",BOC nº 132 de 10 de julio de 2003,http://www.gobiernodecanarias.org/boc/2003/132/002.html,BOC nº 181 de 17 de septiembre de 2004,http://www.gobiernodecanarias.org/boc/2004/181/010.html
MUSEO MUNICIPAL DE SANTA CRUZ DE TENERIFE,MONUMENTO,falso,SANTA CRUZ DE TENERIFE,"Bien de Interés Cultural con categoría de Monumento del “Museo Municipal de Santa Cruz de Tenerife”, en el municipio homónimo, declarado por Decreto 474/1962, de 1 de marzo, del Ministerio de Educación Nacional, publicado en el BOE nº 59 de 9 de marzo de 1962, y delimitación del entorno de protección por Decreto 116/2008, de 27 de mayo, del Gobierno de Canarias, publicado en el BOC nº 112 de 6 de junio de 2008.",BOE nº 59 de 9 de marzo de 1962,http://www.boe.es/boe/dias/1962/03/09/pdfs/A03311-03313.pdf,BOC nº 112 de 6 de junio de 2008,http://www.gobiernodecanarias.org/boc/2008/112/012.html
IGLESIA DE SANTIAGO APÓSTOL,MONUMENTO,verdadero,REALEJOS (LOS),"Bien de Interés Cultural con categoría de Monumento de la “Iglesia de Santiago Apóstol”, en el municipio de Los Realejos, declarado por Real Decreto 596/1983 del Ministerio de Cultura, publicado en el BOE nº 69 de 22 de marzo de 1983, y modificación de la categoría, vinculación de bienes muebles y delimitación del entorno de protección por Decreto 74/2014, de 26 de junio, del Gobierno de Canarias, publicado en el BOC nº 128 de 4 de julio de 2014. ",BOE nº 69 de 22 de marzo de 1983,http://www.boe.es/boe/dias/1983/03/22/pdfs/A08294-08294.pdf,BOC nº 128 de 4 de julio de 2014,http://www.gobiernodecanarias.org/boc/2014/128/007.html
HACIENDA DE LAS PALMAS DE ANAGA - TAGANANA,MONUMENTO,verdadero,SANTA CRUZ DE TENERIFE,"Bien de Interés Cultural con categoría de Monumento de la “Hacienda de Las Palmas de Anaga”, en el municipio de Santa Cruz, declarado por Decreto 47/2014, de 22 de mayo, del Gobierno de Canarias, publicado en el BOC nº 104 de 2 de junio de 2014.",BOC nº 104 de 2 de junio de 2014,http://www.gobiernodecanarias.org/boc/2014/104/005.html,,
HACIENDA EL LAMERO,MONUMENTO,verdadero,GARACHICO,"Bien de Interés Cultural con categoría de Monumento de la “Hacienda El Lamero”, en el municipio de Garachico, declarado por Decreto 19/2015, de 26 de febrero, del Gobierno de Canarias, publicado en el BOC nº 45 de 6 de marzo de 2015",BOC nº 45 de 6 de marzo de 2015,http://www.gobiernodecanarias.org/boc/2015/045/index.html,,
BARRANCO DEL PILAR,ZONA ARQUEOLÓGICA,falso,SANTA CRUZ DE TENERIFE,"Bien de Interés Cultural con categoría de Zona Arqueológica del “Barranco del Pilar”, en el municipio de Santa Cruz, con entorno de protección declarado por Decreto 11/2000, de 31 de enero, del Gobierno de Canarias, publicado en el BOC nº 128 de 25 de septiembre de 2000.",BOC nº 128 de 25 de septiembre de 2000,http://www.gobiernodecanarias.org/boc/2000/128/004.html,,
CASA DE IRIARTE,SITIO HISTÓRICO,verdadero,PUERTO DE LA CRUZ,"Bien de Interés Cultural con categoría de Sitio Histórico de la “Casa Iriarte”, en el municipio del Puerto de la Cruz, declarado por Decreto 44/2009, de 21 de abril, del Gobierno de Canarias, publicado en el BOC nº 82 de 30 de abril de 2009. ",BOC nº 82 de 30 de abril de 2009,http://www.gobiernodecanarias.org/boc/2009/082/008.html,,
CASA LERCARO,MONUMENTO,verdadero,OROTAVA (LA),"Bien de Interés Cultural con categoría de Monumento de la “Casa Lercaro”, en el municipio de La Orotava, declarado por Decreto 21/2004, de 2 de marzo, del Gobierno de Canarias, publicado en el BOC nº 54 de 18 de marzo de 2004.", BOC nº 54 de 18 de marzo de 2004,http://www.gobiernodecanarias.org/boc/2004/054/002.html,,
IGLESIA DE SANTA CATALINA DE ALEJANDRÍA,MONUMENTO,verdadero,TACORONTE,"Bien de Interés Cultural con categoría de Monumento de la “Iglesia de Santa Catalina de Alejandría” en el municipio de Tacoronte, declarado por Decreto 50/1986, de 14 de marzo, del Gobierno de Canarias, publicado en el BOC nº 38 de 2 de abril de 1986, y delimitación del entorno de protección y cambio de categoría por Decreto 106/2016, de 25 de julio, del Gobierno de Canarias, publicado en el BOC nº 148 de 2 de agosto de 2016.",BOC nº 38 de 2 de abril de 1986,http://www.gobiernodecanarias.org/boc/1986/038/006.html,BOC nº 148 de 2 de agosto de 2016,http://www.gobiernodecanarias.org/boc/2016/148/013.html
HACIENDA DE SAN NICOLÁS DE TOLENTINO,MONUMENTO,verdadero,PUERTO DE LA CRUZ,"Bien de Interés Cultural con categoría de Monumento de la “Hacienda de San Nicolás de Tolentino”, en el municipio del Puerto de la Cruz, declarado por Decreto 30/1986, de 7 de febrero, del Gobierno de Canarias, publicado en el BOC nº 28 de 7 de marzo de 1986, y modificación de la categoría y la denominación, delimitación del entorno de protección y vinculación de bienes muebles por Decreto 51/2015, de 16 de abril, del Gobierno de Canarias, publicado en el BOC nº 78 de 24 de abril de 2015.", BOC nº 28 de 7 de marzo de 1986,http://www.gobiernodecanarias.org/boc/1986/028/006.html,BOC nº 78 de 24 de abril de 2015,https://www.gobiernodecanarias.org/boc/2015/078/009.html
MOLINOS Y LAVADEROS DE CHACAICA,SITIO ETNOLÓGICO,verdadero,GÜIMAR,"Bien de Interés Cultural con categoría de Sitio Etnológico del “Molino y Lavaderos de Chacaica"", en el municipio de Güímar, declarado por Decreto 366/2007, de 2 de octubre, del Gobierno de Canarias, publicado en el BOC nº 206 de 16 de octubre de 2007.",BOC nº 206 de 16 de octubre de 2007,http://www.gobiernodecanarias.org/boc/2007/206/002.html,,
IGLESIA DE NUESTRA SEÑORA DE LA VICTORIA,MONUMENTO,verdadero,VICTORIA DE ACENTEJO (LA),"Bien de Interés Cultural con categoría de Monumento de la “Iglesia de Nuestra Señora de la Victoria”, en el municipio de La Victoria, declarado por Decreto 602/1985, de 20 de diciembre, del Gobierno de Canarias, publicado en el BOC nº 13 de 31 de enero de 1986, y modificación de la categoría, delimitación del entorno de protección y establecimiento de los bienes muebles vinculados por Decreto 65/2014, de 12 de junio, publicado en el BOC nº 117 de 19 de junio de 2014.",BOC nº 13 de 31 de enero de 1986,http://www.gobiernodecanarias.org/boc/1986/013/005.html,BOC nº 117 de 19 de junio de 2014,http://www.gobiernodecanarias.org/boc/2014/117/006.html
IGLESIA DE SAN BARTOLOMÉ DE TEJINA,MONUMENTO,verdadero,LAGUNA (LA),"Bien de Interés Cultural con categoría de Monumento de la “Iglesia de San Bartolomé de Tejina”, en el municipio de San Cristóbal de La Laguna, declarado por Decreto 87/2006, de 27 de junio, del Gobierno de Canarias, publicado en el BOC nº 130 de 6 de julio de 2006.",BOC nº 130 de 6 de julio de 2006,http://www.gobiernodecanarias.org/boc/2006/130/008.html,,
CASONA Y JARDINES DE SAN FERNANDO,MONUMENTO,verdadero,PUERTO DE LA CRUZ,"Bien de Interés Cultural con categoría de Monumento de la “Casona y Jardines de San Fernando”, en el municipio del Puerto de la Cruz, declarado por Decreto 21/1996, de 9 de febrero, del Gobierno de Canarias, publicado en el BOC nº 30 de 8 de marzo de 1996, y modificación de la delimitación por Decreto 34/2008, de 11 de marzo, publicado en el BOC nº 58 de 22 de marzo de 2008.",BOC nº 30 de 8 de marzo de 1996,http://www.gobiernodecanarias.org/boc/1996/030/014.html,BOC nº 58 de 22 de marzo de 2008,http://www.gobiernodecanarias.org/boc/2008/058/006.html
CAMINO DE LAS LAJAS,ZONA ARQUEOLÓGICA,verdadero,SAN MIGUEL,"Bien de Interés Cultural con categoría de Zona Arqueológica del “Camino de las Lajas”, en el municipio de San Miguel, declarado por Decreto 106/2014, de 6 de noviembre, del Gobierno de Canarias, publicado en el BOC nº 222 de 14 de noviembre de 2014.",BOC nº 222 de 14 de noviembre de 2014,http://www.gobiernodecanarias.org/boc/2014/222/004.html,,
CASTILLO DE PASO ALTO,MONUMENTO,falso,SANTA CRUZ DE TENERIFE,"Bien de Interés Cultural con categoría de Monumento del “Castillo de Paso Alto”, en el municipio de Santa Cruz, declarado por Decreto de 22 de abril de 1949, del Ministerio de Educación Nacional, publicado en el BOE nº 125 de 5 de mayo de 1949. ",BOE nº 125 de 5 de mayo de 1949,https://www.boe.es/datos/pdfs/BOE//1949/125/A02058-02059.pdf,,
IGLESIA DE SAN PEDRO APÓSTOL,MONUMENTO,verdadero,VILAFLOR,"Bien de Interés Cultural con categoría de Monumento de la “Iglesia de San Pedro Apóstol”, en el municipio de Vilaflor, declarado por Decreto 602/1985, de 20 de diciembre, del Gobierno de Canarias, publicado en el BOC nº 13 de 31 de enero de 1986, y modificación de la categoría, delimitación de entorno de protección y establecimiento de los bienes muebles vinculados por Decreto 13/2017, de 16 de enero, publicado en el BOC Nº 16 de 24 de enero de 2017.",BOC nº 13 de 31 de enero de 1986,http://www.gobiernodecanarias.org/boc/1986/013/005.html,BOC Nº 16 de 24 de enero de 2017,http://www.gobiernodecanarias.org/boc/2017/016/034.html
HACIENDA DE LOS PRÍNCIPES,MONUMENTO,verdadero,REALEJOS (LOS),"Bien de Interés Cultural con categoría de Monumento de la “Hacienda de los Príncipes”, en el municipio de Los Realejos, declarado por Decreto 56/2009 de 19 de mayo, del Gobierno de Canarias, publicado en el BOC nº 103 de 1 de junio de 2009, y modificación de la delimitación por Decreto 39/2015 de 27 de marzo, publicado en el BOC nº 67 de 9 de abril de 2015.",BOC nº 103 de 1 de junio de 2009,http://www.gobiernodecanarias.org/boc/2009/103/006.html,BOC nº 67 de 9 de abril de 2015,http://www.gobiernodecanarias.org/boc/2015/067/006.html
EDIFICIO VILLASEGURA,MONUMENTO,verdadero,SANTA CRUZ DE TENERIFE,"Bien de Interés Cultural con categoría de Monumento del “Edificio Villasegura”, en el municipio de Santa Cruz, declarado por Decreto 91/2006, de 4 de julio, del Gobierno de Canarias, publicado en el BOC nº 135 de 13 de julio de 2006.",BOC nº 135 de 13 de julio de 2006,http://www.gobiernodecanarias.org/boc/2006/135/006.html,,
IGLESIA DE SAN JUAN BAUTISTA Y CASAS DE LOS ALEDAÑOS,MONUMENTO,falso,ARICO,"Bien de Interés Cultural con categoría de la “Iglesia de San Juan Bautista y casas antiguas de los Aledaños”, en el municipio de Arico, declarado por Decreto 602/1985, de 20 de diciembre, del Gobierno de Canarias, publicado en el BOC nº 13 de 31 de enero de 1986.",BOC nº 13 de 31 de enero de 1986,http://www.gobiernodecanarias.org/boc/1986/013/005.html,,
CASA DE CARTA,MONUMENTO,verdadero,LAGUNA (LA),"Bien de Interés Cultural con categoría de Monumento de la “Casa de Carta”, en el municipio de San Cristóbal de La Laguna, declarado por Decreto 4/2006, de 27 de enero, del Gobierno de Canarias, publicado en el BOC nº 27 de 8 de febrero de 2006.",BOC nº 27 de 8 de febrero de 2006,http://www.gobiernodecanarias.org/boc/2006/027/004.html,,
IGLESIA DE SANTA URSULA,MONUMENTO,verdadero,ADEJE,"Bien de Interés Cultural con categoría de Monumento de la “Iglesia de Santa Úrsula”, en el municipio de Adeje, declarado por Decreto 30/1986, de 7 de febrero, del Gobierno de Canarias, publicado en el BOC nº 28 de 7 de marzo de 1986, y modificación de la categoría, delimitación del entorno de protección y vinculación de bienes muebles por Decreto 162/2017, de 31 de mayo, del Gobierno de Canarias, publicado en el BOC nº 109 de 8 de junio de 2017.",BOC nº 28 de 7 de marzo de 1986,http://www.gobiernodecanarias.org/boc/1986/028/006.html,BOC nº 109 de 8 de junio de 2017,http://www.gobiernodecanarias.org/boc/2017/109/006.html
POLVORÍN DE TACO,MONUMENTO,verdadero,LAGUNA (LA),"Bien de Interés Cultural con categoría de Monumento del “Polvorín de Taco”, en el municipio de San Cristóbal de La Laguna, declarado por Decreto 44/2010, de 29 de abril, del Gobierno de Canarias, publicado en el BOC nº 90 de 10 de mayo de 2010.",BOC nº 90 de 10 de mayo de 2010,http://www.gobiernodecanarias.org/boc/2010/090/002.html,,
IGLESIA DE SAN PEDRO APÓSTOL,MONUMENTO,verdadero,SAUZAL (EL),"Bien de Interés Cultural con categoría de Monumento de la “Iglesia de San Pedro Apóstol”, en el municipio de El Sauzal, declarado por Decreto 207/2005 de 02 de noviembre, del Gobierno de Canarias publicado en el BOC nº 224 de 15 de noviembre de 2005.",BOC nº 224 de 15 de noviembre de 2005,http://www.gobiernodecanarias.org/boc/2005/224/006.html,,
PALACIO  DE  CARTA,MONUMENTO,verdadero,SANTA CRUZ DE TENERIFE,"Bien de Interés Cultural con categoría de Monumento del ""Palacio de Carta"", en el municipio de Santa Cruz, declarado por Decreto de 7 de marzo de 1947 publicado en el BOE nº 79 de 20 de marzo de 1947. Delimitación del entorno de protección por Decreto 127/2008, de 3 de junio, del Gobierno de Canarias, publicado en el BOC nº 118 de 13 de junio de 2008.",BOE nº 79 de 20 de marzo de 1947,https://www.boe.es/diario_gazeta/comun/pdf.php?p=1947/03/20/pdfs/BOE-1947-79.pdf,BOC nº 118 de 13 de junio de 2008.,http://www.gobiernodecanarias.org/boc/2008/118/006.html
ERMITA DE SAN DIEGO,MONUMENTO,verdadero,LAGUNA (LA),"Bien de Interés Cultural con categoría de Monumento de la “Ermita de San Diego”, en el municipio de San Cristóbal de La Laguna, declarado por Decreto 100/2015, de 22 de mayo, del Gobierno de Canarias, publicado en el BOC nº 103 de 1 de junio de 2015", BOC nº 103 de 1 de junio de 2015,http://www.gobiernodecanarias.org/boc/2015/103/index.html,,
IGLESIA DE SAN ANTONIO DE PADUA,MONUMENTO,verdadero,GRANADILLA DE ABONA,"Bien de Interés Cultural con categoría de Monumento de la “Iglesia de San Antonio de Padua”, en el municipio de Granadilla, declarado por Decreto 38/2006, de 9 de mayo, del Gobierno de Canarias, publicado en el BOC nº 96 de 19 de mayo de 2006.",BOC nº 96 de 19 de mayo de 2006,http://www.gobiernodecanarias.org/boc/2006/096/013.html,,
CASTILLO DE SAN JUAN,MONUMENTO,verdadero,SANTA CRUZ DE TENERIFE,"Bien de Interés Cultural con categoría de Monumento del “Castillo de San Juan”, en el municipio de Santa Cruz, declarado por ministerio de la ley según Decreto de 22 de abril de 1949, publicado en el BOE nº 125 de 5 de mayo de 1949 y delimitación por Decreto 83/2003, de 12 de mayo, del Gobierno de Canarias, publicado en el BOC nº 109 de 10 de junio de 2003.",BOE Nº 125 de 5 de mayo de 1949,https://www.boe.es/datos/pdfs/BOE//1949/125/A02058-02059.pdf,BOC nº 109 de 10 de junio de 2003,http://www.gobiernodecanarias.org/boc/2003/109/008.html
IGLESIA DE SAN FRANCISCO,MONUMENTO,verdadero,PUERTO DE LA CRUZ,"Bien de Interés Cultural con categoría de Monumento de la “Iglesia de San Francisco”, en el municipio del Puerto de la Cruz, declarado por Decreto 62/2013, de 31 de mayo, del Gobierno de Canarias, publicado en el BOC nº 111 de 12 de junio de 2013.",BOC nº 111 de 12 de junio de 2013,http://www.gobiernodecanarias.org/boc/2013/111/004.html,,
IGLESIA DE SANTA URSULA,MONUMENTO,verdadero,SANTA URSULA,"Bien de Interés Cultural con categoría de Monumento de la “Iglesia de Santa Úrsula”, en el municipio homónimo, declarado por Decreto 73/2006, de 31 de mayo, del Gobierno de Canarias, publicado en el BOC nº 113 de 13 de junio de 2006.",BOC nº 113 de 13 de junio de 2006,http://www.gobiernodecanarias.org/boc/2006/113/004.html,,
CASTILLO DE SAN ANDRÉS,MONUMENTO,verdadero,SANTA CRUZ DE TENERIFE,"Bien de Interés Cultural con categoría de Monumento del “Castillo de San Andrés”, en el municipio de Santa Cruz, declarado por Decreto de 22 de abril de 1949, del Ministerio de Educación Nacional, publicado en el BOE nº 125 de 5 de mayo de 1949, y delimitación del entorno de protección por Decreto 308/1999, de 19 de noviembre, del Gobierno de Canarias, publicado en el BOC nº 159 de 3 de diciembre de 1999.",BOE nº 125 de 5 de mayo de 1949,https://www.boe.es/datos/pdfs/BOE//1949/125/A02058-02059.pdf,BOC nº 159 de 3 de diciembre de 1999,http://www.gobiernodecanarias.org/boc/1999/159/016.html
INMUEBLE EN LA CALLE CALVARIO Nº 52 Y 54. CASA HERNÁNDEZ DEL ÁLAMO,MONUMENTO,verdadero,OROTAVA (LA),"Bien de Interés Cultural con categoría de Monumento de los “Inmuebles sitos en la calle Calvario 52 y 54”, en el municipio de La Orotava, declarado por Decreto 63/2002, de 20 de mayo, del Gobierno de Canarias, publicado en el BOC nº 66 de 24 de mayo de 2002. ", BOC nº 66 de 24 de mayo de 2002,http://www.gobiernodecanarias.org/boc/2002/066/007.html,,
IGLESIA DE NUESTRA SEÑORA DE LAS NIEVES DE TAGANANA,MONUMENTO,verdadero,SANTA CRUZ DE TENERIFE,"Bien de Interés Cultural con categoría de Monumento de la “Iglesia de Nuestra Señora de las Nieves de Taganana”, en el municipio de Santa Cruz, declarado por Decreto 130/2006, de 26 de septiembre, del Gobierno de Canarias, publicado en el BOC nº 196 de 6 de octubre de 2006.",BOC nº 196 de 6 de octubre de 2006,http://www.gobiernodecanarias.org/boc/2006/196/005.html,,
IGLESIA DE SAN ANTONIO DE PADUA,MONUMENTO,verdadero,TANQUE (EL),"Bien de Interés Cultural con categoría de Monumento de la “Iglesia de San Antonio de Padua”, en el municipio de El Tanque, declarado por Decreto 117/2011, de 17 de mayo, del Gobierno de Canarias, publicado en el BOC nº 106 de 31 de mayo de 2011.",BOC nº 106 de 31 de mayo de 2011,http://www.gobiernodecanarias.org/boc/2011/106/011.html,,
TEMPLO  MASONICO,MONUMENTO,verdadero,SANTA CRUZ DE TENERIFE,"Bien de Interés Cultural con categoría de Monumento del “Templo Masónico”, en el municipio de Santa Cruz, declarado por Decreto 390/2007, de 6 de noviembre, del Gobierno de Canarias, publicado en el BOC nº 229 de 15 de noviembre de 2007.",BOC nº 229 de 15 de noviembre de 2007,https://www.gobiernodecanarias.org/boc/2007/229/002.html,,
MOLINO Y LAVADEROS DE ARAFO,SITIO ETNOLÓGICO,verdadero,ARAFO,"Bien de Interés Cultural con categoría de Sitio Etnológico del “Molino y Lavaderos”, en el municipio de Arafo, declarado por Decreto 41/2006, de 9 de mayo, del Gobierno de Canarias, publicado en el BOC nº 96 de 19 de mayo de 2006.",BOC nº 96 de 19 de mayo de 2006,http://www.gobiernodecanarias.org/boc/2006/096/015.html,,
ERMITA DEL SOCORRO,MONUMENTO,verdadero,GÜIMAR,"Bien de Interés Cultural con categoría de Monumento de la “Ermita del Socorro”, en el municipio de Güímar, declarado por Acuerdo del Gobierno de Canarias de 19 de noviembre de 1990, publicado en el BOC nº 92 de 16 de julio de 1993.",BOC nº 92 de 16 de julio de 1993,http://www.gobiernodecanarias.org/boc/1993/092/008.html,,
CASA DEL BEATO PADRE ANCHIETA,MONUMENTO,falso,LAGUNA (LA),"Bien de Interés Cultural con categoría de Monumento de la “Casa del Beato Padre Anchieta”, en el municipio de San Cristóbal de La Laguna, declarado por Decreto 50/1986, de 14 de marzo, del Gobierno de Canarias, publicado en el BOC nº 38 de 2 de abril de 1986.", BOC nº 38 de 2 de abril de 1986,http://www.gobiernodecanarias.org/boc/1986/038/006.html,,
IGLESIA DE SAN ANTONIO ABAD,MONUMENTO,verdadero,ARONA,"Bien de Interés Cultural con categoría de Monumento de la “Iglesia de San Antonio Abad”, en el municipio de Arona, declarado por Decreto 236/2017, de 27 de noviembre, del Gobierno de Canarias, publicado en el BOC nº 234, de 5 de diciembre de 2017.",BOC nº 234 de 5 de diciembre de 2017,http://www.gobiernodecanarias.org/boc/2017/234/019.html,,
IGLESIA PARROQUIAL DE SAN BENITO ABAD,MONUMENTO,verdadero,LAGUNA (LA),"Bien de Interés Cultural con categoría de Monumento de la “Iglesia de San Benito Abad”, en el municipio de San Cristóbal de La Laguna, declarado por Decreto 153/2007, de 5 de junio, del Gobierno de Canarias, publicado en el BOC nº 120 de 16 de junio de 2007", BOC nº 120 de 16 de junio de 2007,http://www.gobiernodecanarias.org/boc/2007/120/008.html,,
IGLESIA DEL AMPARO,MONUMENTO,verdadero,ICOD DE LOS VINOS,"Bien de Interés Cultural con categoría de Monumento de la “Iglesia del Amparo”, en el municipio de Icod de los Vinos, declarado por Decreto 131/2007, de 24 de mayo, del Gobierno de Canarias, publicado en el BOC nº 118 de 14 de junio de 2007.",BOC nº 118 de 14 de junio de 2007,http://www.gobiernodecanarias.org/boc/2007/118/013.html,,
CASA BORGES ESTÉVANEZ,SITIO HISTÓRICO,verdadero,LAGUNA (LA),"Bien de Interés Cultural con categoría de Sitio Histórico de la “Casa Borges-Estévanez”, en el municipio de San Cristóbal de La Laguna, declarado por Decreto 58/2014, de 29 de mayo, del Gobierno de Canarias, publicado en el BOC nº 110 de 10 de junio de 2014.",BOC nº 110 de 10 de junio de 2014,http://www.gobiernodecanarias.org/boc/2014/110/002.html,,
CASA CAMPINO,MONUMENTO,verdadero,ICOD DE LOS VINOS,"Bien de Interés Cultural con categoría de Monumento de la “Casa Campino”, en el municipio de Icod de los Vinos, declarado por Decreto 100/2006, de 11 de julio, del Gobierno de Canarias, publicado en el BOC nº 139 de 19 de julio de 2006.",BOC nº 139 de 19 de julio de 2006,http://www.gobiernodecanarias.org/boc/2006/139/004.html,,
CASTILLO DE SAN FELIPE,MONUMENTO,verdadero,PUERTO DE LA CRUZ,"Bien de Interés Cultural con categoría de Monumento del “Castillo de San Felipe”, en el municipio del Puerto de la Cruz, declarado por ministerio de la ley según Decreto de 22 de abril de 1949, publicado en el BOE nº 125 de 5 de mayo de 1949 y delimitación por Decreto 246/2010, de 3 de diciembre, del Gobierno de Canarias, publicado en el BOC nº 246 de 16 de diciembre de 2010.",BOE Nº 125 de 5 de mayo de 1949,https://www.boe.es/datos/pdfs/BOE//1949/125/A02058-02059.pdf,BOC nº 246 de 16 de diciembre de 2010,http://www.gobiernodecanarias.org/boc/2010/246/011.html
SECADERO DE TABACO,SITIO ETNOLÓGICO,verdadero,GRANADILLA DE ABONA,"Bien de Interés Cultural con categoría de Sitio Etnológico del “Secadero de tabaco”, en el municipio de Granadilla, declarado por Decreto 159/2008, de 15 de julio, del Gobierno de Canarias, publicado en el BOC nº 151 de 29 de julio de 2008.",BOC nº 151 de 29 de julio de 2008,http://www.gobiernodecanarias.org/boc/2008/151/009.html,,
CASA DEL PASEO Y CAPILLA DE SAN JUAN,SITIO HISTÓRICO,verdadero,GÜIMAR,"Bien de Interés Cultural con categoría de Sitio Histórico de la “Casa del Paseo y Capilla de San Juan”, en el municipio de Güímar, declarado por Decreto 21/2008, de 19 de febrero, del Gobierno de Canarias, publicado en el BOC nº 42 de 27 de febrero de 2008.",BOC nº 42 de 27 de febrero de 2008,http://www.gobiernodecanarias.org/boc/2008/042/009.html,,
CASA DE LOS GUZMANES,SITIO ETNOLÓGICO,verdadero,TANQUE (EL),"Bien de Interés Cultural con categoría de Sitio Etnológico de la “Casa de los Guzmanes”, en el municipio de El Tanque, declarado por Decreto 118/2014, de 12 de diciembre, del Gobierno de Canarias, publicado en el BOC nº 247 de 22 de diciembre de 2014. ",BOC nº 247 de 22 de diciembre de 2014,http://www.gobiernodecanarias.org/boc/2014/247/005.html,,
ANTIGUO CONVENTO FRANCISCANO DE NTRA. SRA. DE GUADALUPE Y SAN PABLO,MONUMENTO,verdadero,ADEJE,"Bien de Interés Cultural con categoría de Monumento del “Antiguo Convento Franciscano de Nuestra Señora de Guadalupe y San Pablo”, en el municipio de Adeje, declarado por Decreto 30/1986, de 7 de febrero, del Gobierno de Canarias, publicado en el BOC nº 28 de 7 de marzo de 1986, y modificación de la denominación y de la categoría, y delimitación del entorno de protección por Decreto 107/2014, de 6 de noviembre, del Gobierno de Canarias, publicado en el BOC nº 222 de 14 de noviembre de 2014.",BOC nº 28 de 7 de marzo de 1986,http://www.gobiernodecanarias.org/boc/1986/028/006.html,BOC nº 222 de 14 de noviembre de 2014,http://www.gobiernodecanarias.org/boc/2014/222/005.html
ERMITA DE NUESTRA SEÑORA DE GRACIA,MONUMENTO,verdadero,LAGUNA (LA),"Bien de Interés Cultural con categoría de Monumento de la “Ermita de Nuestra Señora de Gracia”, en el municipio de San Cristóbal de La Laguna, declarado por Decreto 37/2006, de 9 de mayo, del Gobierno de Canarias, publicado en el BOC nº 96 de 19 de mayo de 2006.",BOC nº 96 de 19 de mayo de 2006,http://www.gobiernodecanarias.org/boc/2006/096/012.html,,
CASA DE LA ESQUINA DE LOS CARROS,SITIO HISTÓRICO,verdadero,ARAFO,"Bien de Interés Cultural con categoría de Sitio Histórico de la “Casa de la esquina de los Carros”, en el municipio de Arafo, declarado por Decreto 158/2006, de 31 de octubre, del Gobierno de Canarias, publicado en el BOC nº 219 de 10 de noviembre de 2006.", BOC nº 219 de 10 de noviembre de 2006,http://www.gobiernodecanarias.org/boc/2006/219/016.html,,
CASA  MIRANDA,MONUMENTO,verdadero,PUERTO DE LA CRUZ,"Bien de Interés Cultural con categoría de Monumento de la “Casa Miranda”, en el municipio del Puerto de la Cruz declarado por Decreto 47/2009, de 28 de abril, del Gobierno de Canarias, publicado en el BOC nº 091 de 14 de mayo de 2009.", BOC nº 091 de 14 de mayo de 2009,http://www.gobiernodecanarias.org/boc/2009/091/006.html,,
IGLESIA DE SAN JOSE,MONUMENTO,verdadero,SAN JUAN DE LA RAMBLA,"Bien de Interés Cultural con categoría de Monumento de la “Iglesia de San José”, en el municipio de San Juan de la Rambla, declarado por Decreto 42/2006, de 9 de mayo, del Gobierno de Canarias, publicado en el BOC nº 98 de 22 de mayo de 2006.",BOC nº 98 de 22 de mayo de 2006,http://www.gobiernodecanarias.org/boc/2006/098/006.html,,
CASA NATAL DE JOSÉ ANTONIO VIERA Y CLAVIJO,MONUMENTO,falso,REALEJOS (LOS),"Bien de Interés Cultural con categoría de Monumento de la “Casa natal de José Antonio Viera y Clavijo”, en el municipio de Los Realejos, declarado por Decreto 50/1986 de 14 de marzo, del Gobierno de Canarias, publicado en el BOC nº 38 de 2 de abril de 1986.",BOC nº 38 de 2 de abril de 1986,https://www.gobiernodecanarias.org/boc/1986/038/006.html,,
IGLESIA PARROQUIAL DE SAN LÁZARO,MONUMENTO,verdadero,LAGUNA (LA),"Bien de Interés Cultural con categoría de Monumento de la “Iglesia Parroquial de San Lázaro”, en el municipio de San Cristóbal de La Laguna, declarado por Decreto 203/2005, de 25 de octubre, del Gobierno de Canarias, publicado en el BOC nº 215 de 3 de noviembre de 2015.",BOC nº 215 de 3 de noviembre de 2005,http://www.gobiernodecanarias.org/boc/2005/215/003.html,,
LA CASA DE LA PORTUGUESA,MONUMENTO,verdadero,SANTA URSULA,"Bien de Interés Cultural con categoría de Monumento de la “Casa de la Portuguesa”, en el municipio de Santa Úrsula, declarado por Decreto 130/2007, de 24 de mayo, del Gobierno de Canarias, publicado en el BOC nº 118 de 14 de junio de 2007.",BOC nº 118 de 14 de junio de 2007,http://www.gobiernodecanarias.org/boc/2007/118/012.html,,
ERMITA DE SAN TELMO,MONUMENTO,verdadero,SANTA CRUZ DE TENERIFE,"Bien de Interés Cultural con categoría de Monumento de la “Ermita de San Telmo”, en el municipio de Santa Cruz, declarado por Decreto 21/2009, de 17 de febrero, del Gobierno de Canarias, publicado en el BOC nº 36 de 23 de febrero de 2009.",BOC nº 36 de 23 de febrero de 2009,http://www.gobiernodecanarias.org/boc/2009/036/010.html,,
CASTILLO DE SAN MIGUEL,MONUMENTO,verdadero,GARACHICO,"Bien de Interés Cultural con categoría de Monumento del “Castillo de San Miguel”, en el municipio de Garachico, declarado por Decreto de 22 de abril de 1949, publicado en el BOE nº 125 de 5 de mayo de 1949 y delimitación del entorno de protección por Decreto 307/1999, de 19 de noviembre, del Gobierno de Canarias, publicado en el BOC nº 159 de 3 de diciembre de 1999.",BOE Nº 125 de 5 de mayo de 1949,https://www.boe.es/datos/pdfs/BOE//1949/125/A02058-02059.pdf, BOC nº 159 de 3 de diciembre de 1999,http://www.gobiernodecanarias.org/boc/1999/159/015.html
LO DE RAMOS,SITIO HISTÓRICO,verdadero,ARAFO,"Bien de Interés Cultural con categoría de Sitio Histórico de “Lo de Ramos”, en el municipio de Arafo, declarado por Decreto 237/2008, de 9 de diciembre, del Gobierno de Canarias, publicado en el BOC nº 255 de 22 de diciembre de 2008.",BOC nº 255 de 22 de diciembre de 2008,http://www.gobiernodecanarias.org/boc/2008/255/011.html,,
ERMITA DE NUESTRA SEÑORA DEL BUEN PASO,SITIO HISTÓRICO,verdadero,ICOD DE LOS VINOS,"Bien de Interés Cultural con categoría de Sito Histórico de la “Ermita de Nuestra Señora de Buen Paso”, en el municipio de Icod de los Vinos, declarado por Decreto 86/2003, de 12 de mayo, del Gobierno de Canarias, publicado en el BOC nº 109 de 10 de junio de 2003.",BOC nº 109 de 10 de junio de 2003,http://www.gobiernodecanarias.org/boc/2003/109/010.html,,
CASA DEL CAPITAN,MONUMENTO,verdadero,SANTA URSULA,"Bien de Interés Cultural con categoría de Monumento de la “Casa del Capitán”, en el municipio de Santa Úrsula, declarado por Decreto 365/2007 de 2 de octubre, del Gobierno de Canarias, publicado en el BOC nº 204 de 11 de octubre de 2007.",BOC nº 204 de 11 de octubre de 2007,http://www.gobiernodecanarias.org/boc/2007/204/006.html,,
ERMITA DE SAN MIGUEL ARCÁNGEL,MONUMENTO,verdadero,LAGUNA (LA),"Bien de Interés Cultural con categoría de Monumento de la “Ermita de San Miguel”, en el municipio de San Cristóbal de La Laguna, declarado por Decreto 343/1999, de 17 de diciembre, del Gobierno de Canarias, publicado en el BOC nº 37 de 24 de marzo de 2000.",BOC nº 37 de 24 de marzo de 2000,http://www.gobiernodecanarias.org/boc/2000/037/007.html,,
ERMITA DEL CALVARIO,MONUMENTO,verdadero,ICOD DE LOS VINOS,"Bien de Interés Cultural con categoría de Monumento de la “Ermita del Calvario”, en el municipio de Icod de los Vinos, declarado por Decreto 23/2006, de 21 de febrero, del Gobierno de Canarias, publicado en el BOC nº 43 de 2 de marzo de 2006.",BOC nº 43 de 2 de marzo de 2006,http://www.gobiernodecanarias.org/boc/2006/043/005.html,,
CASA MASCAREÑO,MONUMENTO,verdadero,SANTA CRUZ DE TENERIFE,"Bien de Interés Cultural con categoría de Monumento de la “Casa Mascareño”, en el municipio de Santa Cruz, declarado por Decreto 147/2008, de 1 de julio, del Gobierno de Canarias, publicado en el BOC nº 137 de 9 de julio de 2008.",BOC nº 137 de 9 de julio de 2008,http://www.gobiernodecanarias.org/boc/2008/137/004.html,,
ERMITA DE SAN TELMO,MONUMENTO,verdadero,PUERTO DE LA CRUZ,"Bien de Interés Cultural con categoría de Monumento de la “Ermita de San Telmo”, en el municipio del Puerto de la Cruz, declarado por Decreto 21/2000, de 15 de febrero, del Gobierno de Canarias, publicado en el BOC nº 81 de 30 de junio de 2000.",BOC nº 81 de 30 de junio de 2000,http://www.gobiernodecanarias.org/boc/2000/081/030.html,,
LA CASA AMARILLA,SITIO HISTÓRICO,verdadero,PUERTO DE LA CRUZ,"Bien de Interés Cultural con categoría de Sitio Histórico de la “Casa Amarilla”, en el municipio del Puerto de la Cruz, declarado por Decreto 69/2005, de 26 de abril, del Gobierno de Canarias, publicado en el BOC nº 88 de 6 de mayo de 2005.",BOC nº 88 de 6 de mayo de 2005,http://www.gobiernodecanarias.org/boc/2005/088/010.html,,
MOLINO DE CUEVAS BLANCAS,SITIO HISTÓRICO,verdadero,SANTA CRUZ DE TENERIFE,"Bien de Interés Cultural con categoría de Sitio Histórico del “Molino de Cuevas Blancas”, en el municipio de Santa Cruz, declarado por Decreto 416/2007, de 18 de diciembre, del Gobierno de Canarias, publicado en el BOC nº 259 de 31 de diciembre de 2007.",BOC nº 259 de 31 de diciembre de 2007,http://www.gobiernodecanarias.org/boc/2007/259/005.html,,
HORNOS DE CAL,SITIO ETNOLÓGICO,verdadero,PUERTO DE LA CRUZ,"Bien de Interés Cultural con categoría de Sitio Etnológico de los “Hornos de Cal”, en el municipio del Puerto de la Cruz, declarado por Decreto 31/2009, de 31 de marzo, del Gobierno de Canarias, publicado en el BOC nº 71 de 15 de abril de 2009.",BOC nº 71 de 15 de abril de 2009,http://www.gobiernodecanarias.org/boc/2009/071/002.html,,
ERMITA DE SAN ISIDRO LABRADOR,MONUMENTO,verdadero,GRANADILLA DE ABONA,"Bien de Interés Cultural con categoría de Monumento de la “Ermita de San Isidro Labrador”, en el municipio de Granadilla, declarado por Decreto 158/2008, de 15 de julio, del Gobierno de Canarias, publicado en el BOC nº 151 de 29 de julio de 2008.",BOC nº 151 de 29 de julio de 2008,http://www.gobiernodecanarias.org/boc/2008/151/008.html,,
LAGAR SITO EN EL Nº 198 DE LA CALLE REAL,SITIO ETNOLÓGICO,verdadero,MATANZA DE ACENTEJO (LA),"Bien de Interés Cultural con categoría de Sitio Etnológico del “Lagar de la C/ Real nº 198”, en el municipio de La Matanza, declarado por Decreto 211/2005, de15 de noviembre, del Gobierno de Canarias, publicado en el BOC nº 232 de 25 de noviembre de 2005.",BOC nº 232 de 25 de noviembre de 2005,http://www.gobiernodecanarias.org/boc/2005/232/010.html,,
LA HIDRO,SITIO HISTÓRICO,verdadero,GÜIMAR,"Bien de Interés Cultural con categoría de Sitio Histórico de “La Hidro”, en el municipio de Güímar, declarado por Decreto 393/2007, de 20 de noviembre, del Gobierno de Canarias, publicado en el BOC nº 240 de 30 de noviembre de 2007.",BOC nº 240 de 30 de noviembre de 2007,http://www.gobiernodecanarias.org/boc/2007/240/013.html,,
MOLINO DE BARRANCO GRANDE,SITIO HISTÓRICO,verdadero,SANTA CRUZ DE TENERIFE,"Bien de Interés Cultural con categoría de Sitio Histórico del “Molino de Barranco Grande”, en el municipio de Santa Cruz, declarado por Decreto 418/2007, del Gobierno de Canarias, de 18 de diciembre, publicado en el BOC nº 259 de 31 de diciembre de 2007.",BOC nº 259 de 31 de diciembre de 2007,http://www.gobiernodecanarias.org/boc/2007/259/007.html,,
POZO DE LA VIRGEN DE CANDELARIA,MONUMENTO,verdadero,CANDELARIA,"Bien de Interés Cultural con categoría de Monumento del “Pozo de la Virgen de Candelaria”, en el municipio de homónimo, declarado por Acuerdo del Gobierno de Canarias de 14 de agosto de 1990, publicado en el BOC nº 92 de 16 de julio de 1993.",BOC nº 92 de 16 de julio de 1993,http://www.gobiernodecanarias.org/boc/1993/092/004.html,,
CAPILLA DE SAN PEDRO ARRIBA,MONUMENTO,verdadero,GÜIMAR,"Bien de Interés Cultural con categoría de Monumento de la “Capilla de San Pedro de Arriba”, en el municipio de Güímar, declarado por Decreto 21/2006, de 21 de febrero, del Gobierno de Canarias, publicado en el BOC nº 43 de 2 de marzo de 2006.",BOC nº 43 de 2 de marzo de 2006,http://www.gobiernodecanarias.org/boc/2006/043/003.html,,
TORREÓN DE VENTOSO,MONUMENTO,verdadero,PUERTO DE LA CRUZ,"Bien de Interés Cultural con categoría de Monumento del “Torreón de Ventoso”, en el municipio del Puerto de la Cruz, declarado por Decreto 80/2014, de 10 de julio, del Gobierno de Canarias, publicado en el BOC nº 138 de 18 de julio de 2014.",BOC nº 138 de 18 de julio de 2014,http://www.gobiernodecanarias.org/boc/2014/138/003.html,,
ERMITA DE SANTA CATALINA,MONUMENTO,verdadero,SANTA CRUZ DE TENERIFE,"Bien de Interés Cultural con categoría de Monumento de la “Ermita de Santa Catalina”, en el municipio de Santa Cruz, declarado por Decreto 85/2008, de 29 de abril, del Gobierno de Canarias, publicado en el BOC nº 93 de 9 de mayo de 2008.",BOC nº 93 de 9 de mayo de 2008,http://www.gobiernodecanarias.org/boc/2008/093/007.html,,
CAPILLA DE SAN PEDRO ABAJO,MONUMENTO,verdadero,GÜIMAR,"Bien de Interés Cultural con categoría de Monumento de la “Capilla de San Pedro de Abajo”, en el municipio de Güímar, declarado por Decreto 22/2006, de 21 de febrero, del Gobierno de Canarias, publicado en el BOC nº 43 de 2 de marzo de 2006.", BOC nº 43 de 2 de marzo de 2006,http://www.gobiernodecanarias.org/boc/2006/043/004.html,,
MOLINO DE GOFIO DEL RISCO DE LAS PENCAS,SITIO ETNOLÓGICO,verdadero,SAN JUAN DE LA RAMBLA,"Bien de Interés Cultural con categoría de Sitio Etnológico del “Molino de Gofio del Risco de las Pencas"", en el municipio de San Juan de la Rambla, declarado por Decreto 413/2007, de 11 de diciembre, del Gobierno de Canarias, publicado en el BOC nº 252 de 19 de diciembre de 2017.",BOC nº 252 de 19 de diciembre de 2017,http://www.gobiernodecanarias.org/boc/2007/252/002.html,,
BARRANCO DEL MUERTO,ZONA ARQUEOLÓGICA,verdadero,SANTA CRUZ DE TENERIFE,"Bien de Interés Cultural con categoría de Zona Arqueológica del “Barranco del Muerto”, en el municipio de Santa Cruz, con entorno de protección declarado por Decreto 84/2014, de 24 de julio, del Gobierno de Canarias, publicado en el BOC nº 148 de 1 de agosto de 2014.",BOC nº 148 de 1 de agosto de 2014,http://www.gobiernodecanarias.org/boc/2014/148/002.html,,
MOLINO DE LA MENORA,SITIO ETNOLÓGICO,verdadero,GÜIMAR,"Bien de Interés Cultural con categoría de Sitio Etnológico del “Molino de la Menora”, en el municipio de Güímar, declarado por Decreto 417/2007, de 18 de diciembre, del Gobierno de Canarias, publicado en el BOC nº 259 de 31 de diciembre de 2007.",BOC nº 259 de 31 de diciembre de 2007,http://www.gobiernodecanarias.org/boc/2007/259/006.html,,
MOLINO DE LLANO DEL MORO,SITIO ETNOLÓGICO,verdadero,SANTA CRUZ DE TENERIFE,"Bien de Interés Cultural con categoría de Sitio Etnológico del “Molino de Llano del Moro”, en el municipio de Santa Cruz, declarado por Decreto 77/2005, de 17 de mayo, del Gobierno de Canarias, publicado en el BOC nº 104 de 27 de mayo de 2005.",BOC nº 104 de 27 de mayo de 2005,http://www.gobiernodecanarias.org/boc/2005/104/003.html,,
LA GALLEGA,ZONA ARQUEOLÓGICA,verdadero,SANTA CRUZ DE TENERIFE,"Bien de Interés Cultural con categoría de Zona Arqueológica de “La Gallega”, en el municipio de Santa Cruz, declarado por Decreto 209/2008, de 21 de octubre, del Gobierno de Canarias, publicado en el BOC nº 217 de 29 de octubre de 2008.",BOC nº 217 de 29 de octubre de 2008,http://www.gobiernodecanarias.org/boc/2008/217/002.html,,
ESCULTURA DE JUAN DE ÁVALOS GARCÍA TABORDA SITUADA EN LA CONFLUENCIA DE LA AVENIDA DE ANAGA Y LA RAMBLA DE SANTA CRUZ,MONUMENTO,falso,SANTA CRUZ DE TENERIFE,"Bien de Interés Cultural con categoría de Monumento de la ""Escultura de Juan de Ávalos García Taborda situada en la confluencia de la Avenida de Anaga y la Rambla de Santa Cruz"", incoado por Resolución de 24 de septiembre de 2024 de la Directora Insular de 
Planificación Territorial, Paisaje y Patrimonio Histórico, publicado en el BOC nº 198 de 4 de octubre de 2024.
",BOC nº 198 de 4 de octubre de 2024,https://www.gobiernodecanarias.org/boc/2024/198/3189.html,,
