itinerario_matricula,itinerario_nombre,itinerario_clase,itinerario_modalidad,itinerario_inicio,itinerario_fin,itinerario_distancia,itinerario_altura_minima,itinerario_altura_maxima,itinerario_desnivel_positivo,itinerario_desnivel_negativo,municipios_nombres,espacios_naturales
PR-TF 86,Área recreativa El Contador - Parador Nacional,Sendero,Lineal,El Contador,Parador de Las Cañadas,15829.144,1236.206,2520.013,1588.124,688.16,Arico|La Orotava,Parque Nacional del Teide|Parque Natural de Corona Forestal
,Barranco del Infierno,Sendero,Lineal,Adeje (final C/ de Los Molinos),Cascada,2996.58,350.867,612.572,522.1,322.256,Adeje,Reserva Natural Especial del Barranco del Infierno
SL-TF 294,Circular Los Brezos,Sendero,Circular,"Parque Recreativo Los Brezos, Plaza de Araya o Charca del Pino","Parque Recreativo Los Brezos, Plaza de Araya o Charca del Pino",8327.221,467.148,1070.321,806.628,806.628,Candelaria,Paisaje Protegido de Las Siete Lomas|Parque Natural de Corona Forestal
PR-TF 11,Cruz del Carmen - El Batán - Punta del Hidalgo,Sendero,Lineal,Cruz del Carmen/Punta del Hidalgo,Punta del Hidalgo/Cruz del Carmen,11581.737,63.622,977.868,702.007,1586.908,La Laguna,Parque Rural de Anaga
SL-TF 203,Chío - Área Recreativa de Chío (Los Arenales),Sendero,Lineal,"Bodega Comarcal de Guía de Isora. Carretera TF 38 Chío – Boca Tauce, punto kilométrico 27,7, Chío","Área Recreativa de Chío, Carretera Chío - Boca Tauce (TF-38), desvío kilómetro 12,6",7577.303,772.951,1582.677,886.624,76.898,Guía de Isora,Parque Natural de Corona Forestal
SL-TF 901,El Socorro - Puertito de Güímar (Camino de la mar),Sendero,Lineal,El Socorro,Puertito de Güímar,4305.919,0.205,30.821,134.547,148.084,Güímar,Reserva Natural Especial del Malpaís de Güímar
PR-TF 86.2,Ramal a la zona de acampada Fuente del Llano,Sendero,Derivación,Sendero PR-TF-86 Villa de Arico - Cumbre de Arico,Zona de acampada de Fuente del Llano,645.216,1751.714,1779.3,43.943,23.683,Arico,Parque Natural de Corona Forestal
SL-TF 900.4,Enlace Montaña Grande con SL TF 902,Sendero,Enlace,Montaña Grande,SL TF 902,96.793,103.015,107.562,0.207,4.754,Güímar,Reserva Natural Especial del Malpaís de Güímar
PR-TF 25.5,Enlace GR 131 (Anaga – Chasna) con PR-TF 25 (Las Raíces – Lomo La Jara),Sendero,Lineal,Sendero GR-131 en Cruz de Fune,Sendero PR-TF 25 Las Raíces - Lomo La Jara,161.747,995.814,1002.183,0.818,6.369,Tacoronte,Paisaje Protegido Las Lagunetas
BC-1,Ruta Forestal del Norte,Bicicletas y caballos,Lineal,Las Raíces (El Rosario),Montaña Cascajo (Guía de Isora),84843.068,980.779,1678.681,4599.825,4030.948,El Rosario|El Sauzal|El Tanque|Garachico|Guía de Isora|Icod de los Vinos|La Guancha|La Matanza de Acentejo|La Orotava|La Victoria de Acentejo|Los Realejos|San Juan de la Rambla|Santa Úrsula|Santiago del Teide|Tacoronte,Paisaje Protegido Campeches| Tigaiga y Ruiz|Paisaje Protegido La Resbala|Paisaje Protegido Las Lagunetas|Parque Natural Corona Forestal|Reserva Natural Especial Las Palomas|Reserva Natural Integral Pinoleris
,Camino a Candelaria (Tramo Aguamansa - La Crucita),Sendero,Lineal,"Aguamansa, proximidades de las instalaciones del Cabildo de Tenerife (Pk 15,5 de la carretera TF-21).",La Crucita (PK 30 de la carretera TF-24).,4516.33,1077.898,1987.678,982.835,74.509,Arafo|La Orotava,Parque Natural Corona Forestal
GR-131,Anaga - Chasna,Sendero,Lineal,La Esperanza (Plaza),Arona (Plaza de Arona),85549.028,626.985,2417.571,5289.588,5565.581,Adeje|Arona|El Rosario|El Sauzal|Granadilla de Abona|La Matanza de Acentejo|La Orotava|La Victoria de Acentejo|Los Realejos|Santa Úrsula|Tacoronte|Vilaflor,Paisaje Protegido Ifonche|Paisaje Protegido La Resbala|Paisaje Protegido Las Lagunetas|Parque Nacional El Teide|Parque Natural Corona Forestal|Reserva Natural Especial Barranco del Infierno
BC-1.6,Ramón Caminero por Chimoche,Bicicletas y caballos,Derivación,"Cruce con BC-1 en km 38,144",Área recreativa Ramón Caminero,7968.314,1190.794,1597.875,596.2,211.723,La Orotava,Parque Natural Corona Forestal
PR-TF 25.3,Las Lagunetas - Los Nateros,Sendero,Derivación,Sendero PR-TF-25 Las Raíces-Lomo de la Jara (Montaña Agustinos),Los Nateros,6245.771,636.496,1399.86,82.317,807.998,El Sauzal|La Matanza de Acentejo,Paisaje Protegido Las Lagunetas
PR-TF 70.6,Enlace PR TF 70.1 con PR TF 70.2,Sendero,Enlace,Sendero PR-TF-71.1,Sendero PR-TF-70.2,839.588,1832.364,1875.342,44.209,64.351,Guía de Isora,Parque Natural de Corona Forestal
SL-TF 900.2,Enlace Montaña Grande con SL TF 904,Sendero,Enlace,Montaña Grande,SL TF 904,364.74,62.653,82.098,0.0,19.445,Güímar,Reserva Natural Especial del Malpaís de Güímar
SL-TF 903,El Socorro - Montaña Grande (Camino del Socorro),Sendero,Lineal,El Socorro,Montaña Grande,1732.292,20.83,97.605,78.995,2.22,Güímar,
,Hija Cambada,Sendero,Lineal,Senderos PR-TF-11 y PR-TF-12 en las proximidades del restaurante Cruz del Carmen,Sendero PRA-13 Hija Cambada-La Estercolada,586.723,895.217,951.189,7.424,62.29,La Laguna,Parque Rural Anaga
PR-TF 71,Adeje – Área Recreativa Las Lajas (Camino de Teresme),Sendero,Lineal,"Casa Fuerte de Adeje, calle Concepción García Álvarez","Área Recreativa Las Lajas, Carretera La Orotava - Las Cañadas del Teide - Granadilla (TF-21), km 58,2",17951.148,302.915,2109.581,2045.832,239.166,Adeje,Parque Natural de Corona Forestal|Reserva Natural Especial del Barranco del Infierno
PNT-37,Cerrillar - Carnicería,Sendero,Lineal,Sendero nº 2 en el lomo del Cerrillar,Sendero nº 20 en la Montaña de la Carnicería,3024.5,2213.507,2327.909,172.61,84.006,Fasnia|La Orotava,Parque Nacional El Teide|Parque Natural Corona Forestal
PR-TF 70.5,Enlace PR-TF 70 con PR-TF 70.3 ,Sendero,Enlace,Sendero PR-TF-70 Guía-Tágara-Boca Tauce,Sendero PR-TF-70.3 Chavao,3630.201,1579.474,1716.389,385.458,375.443,Guía de Isora,Parque Natural de Corona Forestal
PR-TF 71.2,Ifonche - La Quinta (Camino de Ifonche),Sendero,Lineal,"Restaurante El Dornajo, Carretera TF 567, Ifonche y Benítez","Calle Santa Margarita, La Quinta, Adeje",6491.175,930.033,1128.282,425.158,522.674,Adeje,Paisaje Protegido de Ifonche|Parque Natural de Corona Forestal|Reserva Natural Especial del Barranco del Infierno
PNT-23,Los Regatones Negros,Sendero,Lineal,Sendero nº 3 junto a la Cascada de lava de Los Roques de García,Sendero nº 9 en la Degollada de Pico Viejo,5413.933,2174.781,3046.229,1024.604,153.156,La Orotava,Monumento Natural El Teide|Parque Nacional El Teide
PNT-41,Barranco de Erques,Sendero,Lineal,Museo etnográfico Juan Évora,Cauce del Barranco de Erques,1001.504,1909.95,2048.412,12.721,145.179,Adeje|Guía de Isora,Parque Nacional El Teide|Parque Natural Corona Forestal
PNT-29,Degollada del Cedro,Sendero,Lineal,Sendero nº 1 en la zona conocida como Cañada de Los Guancheros,"Límite del parque nacional, borde la la Ladera de Tigaiga",1896.465,1973.306,2086.334,52.864,116.154,La Orotava|Los Realejos|San Juan de la Rambla,Parque Nacional El Teide|Parque Natural Corona Forestal
SL-TF 296.1,Barranco El Rincón,Sendero,Derivación,Araya,Las Cuevecitas,1398.523,391.746,468.499,139.898,71.689,Candelaria,
SL-TF 294.1,El Moralito,Sendero,Derivación,Plaza de Malpaís (Candelaria),Sendero SL-TF 294 en El Pino,2514.734,351.551,644.647,321.223,83.484,Candelaria,
PR-TF 06,El Draguillo - Chamorga - Faro de Anaga,Sendero,Lineal,Chamorga/El Draguillo,Chamorga/El Draguillo,6803.777,69.955,655.113,841.109,749.098,Santa Cruz de Tenerife,Parque Rural Anaga
,Accesible Finca los Pedregales,Sendero,Lineal,,,45.224,617.285,619.826,2.541,0.0,Buenavista del Norte,Parque Rural Teno
,Circular de los Sentidos 1.- Déjate sorprender,Sendero,Circular,Cruz del Carmen,Cruz del Carmen,960.467,891.327,951.342,67.552,67.552,La Laguna|Santa Cruz de Tenerife,Parque Rural Anaga
PNT-17,Igueque,Sendero,Lineal,"PK 33, 3 de la carretera TF-24",La Crucita (PK 30 de la carretera TF-24),2651.803,1979.696,2240.432,72.089,312.81,Arafo|Güímar|La Orotava,Parque Nacional El Teide|Parque Natural Corona Forestal
SL-TF 81.1,Conexión Orilla del Monte - Pista de Benijos,Sendero,Variante,Camino La Orilla,Pista Benijos,503.223,1053.264,1116.667,3.122,66.525,La Orotava,Parque Natural Corona Forestal
SL-TF 301.1,Las Barreras - Las Raíces,Sendero,Derivación,"Sendero SL TF 301 Circular Las Barreras, en el Camino de Las Barreras, El Rosario",Pista BC 2.1 Campamento de La Esperanza,1154.961,769.22,948.227,180.409,1.402,El Rosario,Paisaje Protegido Las Lagunetas
PNT-31,Cumbres de Ucanca,Sendero,Lineal,Sendero nº4 en la zona de La Cañada del Capricho,"En el Lomo del Asiento, bajo el Sombrero de Chasna al límite Sur del Parque Nacional del Teide",7694.967,2132.174,2481.557,761.389,676.718,La Orotava|Vilaflor,Parque Nacional El Teide|Parque Natural Corona Forestal
PNT-30,Los Valles,Sendero,Lineal,"PK 38,5 de la carretera TF-21 en aparcamiento de Minas de San José",Sendero nº 4 (Cañada de Las Pilas en la zona de Risco Verde) Sendero nº 4  Cañada de Las Pilas en la zona de Risco Verde,4855.044,2049.248,2296.514,106.579,347.522,La Orotava,Parque Nacional El Teide
PNT-33,Montaña Negra,Sendero,Lineal,Sendero nº 1 cerca de La Cuesta de La Fortaleza,Sendero nº 22  sobre el Llano de Las Brujas,3166.343,1984.07,2132.112,203.735,91.923,La Guancha|La Orotava|San Juan de la Rambla,Parque Nacional El Teide|Parque Natural Corona Forestal
PNT-25,Recibo Quemado,Sendero,Lineal,"PK 29,7 de la carretera TF-21 (El Recibo Quemado)",Cruce con los senderos nº 1 La Fortaleza y nº 22 Lomo Hurtado,1759.68,1898.054,2076.476,186.204,10.472,La Orotava|Los Realejos,Parque Nacional El Teide|Parque Natural Corona Forestal
,Rambla de Castro,Sendero,Lineal,"Mirador El Burgado, Camino del Burgado, 4, Los Realejos","Urbanización Rambla del Mar, bajo el Mirador de San Pedro, Los Realejos",4205.608,45.314,147.224,312.444,231.785,Los Realejos,Paisaje Protegido de Rambla de Castro
,Pista de Las Hiedras,Sendero,Lineal,Cruce del Moquinal,Casas del Río,4438.185,819.933,857.956,189.834,198.595,La Laguna,Parque Rural Anaga
PR-TF 86.1,Ramal a Casa Forestal,Sendero,Lineal,PR TF 86,Casa Forestal,478.43,1502.148,1564.801,69.565,6.912,Arico,Parque Natural de Corona Forestal
VM-19.1,Ramal desvío hacia Redondo (Las Hayas),Vehículos a motor,,,,2506.636,938.189,1060.194,45.074,167.078,Icod de los Vinos,Parque Natural Corona Forestal
PNT-07.1,Ramal al Alto de Montaña Blanca,Sendero,Lineal,Sendero nº 7 Montaña Blanca - La Rambleta (antiguo puesto de mulas),Sendero nº 7 Montaña Blanca - La Rambleta (antiguo puesto de mulas),1451.434,2719.767,2739.739,33.931,33.931,La Orotava,Monumento Natural El Teide|Parque Nacional El Teide
,Accesible Roques de García,Sendero,Lineal,"La Ruleta, Pk 46,5 de la carretera TF-21",Sendero nº3 Roques de García,971.066,2134.272,2144.31,24.338,16.48,La Orotava,Parque Nacional El Teide
PR-TF 02,Taborno - Pico del Inglés - Valleseco,Sendero,Lineal,Taborno,Valleseco,10054.249,106.417,1017.445,675.324,1197.596,Santa Cruz de Tenerife,Parque Rural Anaga
PR-TF 02.1,Conexión del PR TF 02 con PR TF 09 (por el Frontón),Sendero,Variante,Degollada de Los Chiqueros,Lomo del Viso,445.431,620.705,699.302,33.42,110.828,Santa Cruz de Tenerife,Parque Rural Anaga
,Circular La Ensillada - Cabezo de Tejo - La Ensillada (Reserva Natural Integral El Pijaral),Sendero,Circular,"Carretera El Bailadero (TF-123), kilómetro 4,9","Carretera El Bailadero (TF-123), kilómetro 4,9",6441.821,757.54,895.687,574.051,574.051,Santa Cruz de Tenerife,Parque Rural Anaga|Reserva Natural Integral Pijaral
SL-TF 900.3,Enlace Montaña Grande con SL TF 904,Sendero,Enlace,Montaña El Socorro,SL TF 904,388.661,74.256,95.341,0.919,22.004,Güímar,Reserva Natural Especial del Malpaís de Güímar
BC-1.4,Las Lagunetas,Bicicletas y caballos,Derivación,"Cruce con BC-1 en km 16,054",Las Lagunetas,5726.921,1250.608,1414.519,341.387,183.105,El Rosario|El Sauzal|La Matanza de Acentejo|La Victoria de Acentejo,Paisaje Protegido Las Lagunetas
PR-TF 10,Cruz del Carmen - Punta del Hidalgo,Sendero,Lineal,Cruz del Carmen/Punta del Hidalgo,Cruz del Carmen/Punta del Hidalgo,9881.766,5.057,949.994,624.582,1503.271,La Laguna,Parque Rural Anaga
PR-TF 05,Chamorga - Igueste de San Andrés,Sendero,Lineal,Igueste de San Andrés,Chamorga,9876.354,16.772,641.534,694.348,1149.844,Santa Cruz de Tenerife,Parque Rural Anaga|Reserva Natural Integral Ijuana
PR-TF 04.1,Mirador de Amogoje - Almáciga,Sendero,Derivación,Mirador Amogoje,Playa del Roque de Las Bodegas,2674.148,75.493,453.725,90.264,465.47,Santa Cruz de Tenerife,Parque Rural Anaga
PNT-38,Cuevas Negras,Sendero,Lineal,"Sendero nº 9 debajo del Lomo de Chío, junto a un antiguo asiento de colmenas)",Sendero nº 13 por encima del Volcán de La Botija,2140.728,2100.973,2226.068,75.053,127.09,Guía de Isora,Parque Nacional El Teide
,Interpretado Circular de Taganana,Sendero,Circular,Cruce Camino La Cuestilla con Vía Caserío El Cabezo,Cruce Camino La Cuestilla con Vía Caserío El Cabezo,1077.68,155.062,224.878,87.527,87.527,Santa Cruz de Tenerife,Parque Rural Anaga
,Camino Viejo de Candelaria,Sendero,Lineal,Llano del Moro,Igueste de Candelaria,10437.026,272.129,627.955,405.225,719.125,Candelaria|El Rosario|Santa Cruz de Tenerife,
PR-TF 51,San José de Los Llanos - Punta de Teno,Sendero,Lineal,San José de Los Llanos,Punta de Teno,22598.117,84.663,1237.061,932.806,1938.611,Buenavista del Norte|El Tanque|Los Silos|Santiago del Teide,Parque Rural Teno|Reserva Natural Especial Chinyero
PR-TF 70,Guía - Tágara - Boca Tauce,Sendero,Lineal,Núcleo de Guía de Isora,Casa Juan Évora (Boca Tauce),14445.309,589.975,2078.163,1860.609,403.329,Guía de Isora,Parque Nacional El Teide|Parque Natural Corona Forestal
VM-17.1,Ramal de acceso al campamento Emilio Fernández Muñoz,Vehículos a motor,,,,1772.212,1594.767,1664.061,77.287,29.992,Los Realejos,Parque Natural Corona Forestal
SL-TF 900.1,Enlace Montaña Grande – Camino del Socorro,Sendero,Enlace,Montaña Grande,Camino del Socorro,471.52,68.615,82.098,2.763,15.098,Güímar,Reserva Natural Especial del Malpaís de Güímar
PR-TF 83,Altos de Granadilla,Sendero,Lineal,Cruz de Tea,Los Escurriales,8084.431,894.078,1863.222,1060.118,90.974,Granadilla de Abona,Parque Natural Corona Forestal
PR-TF 43.1,San José de Los Llanos - Montaña Chinyero,Sendero,Derivación,San José de los Llanos,Chinyero,4466.781,1105.684,1389.456,326.822,43.05,El Tanque,Reserva Natural Especial Chinyero
PR-TF 83.1,Las Vegas - Los Escurriales,Sendero,Derivación,Las Vegas,Los Escurriales (Pista Madre del Agua(,8621.734,648.425,1684.979,1158.272,123.218,Granadilla de Abona,Parque Natural Corona Forestal
PNT-40,Llano de Ucanca - Boca Tauce,Sendero,Lineal,Mirador del Llano de Ucanca,Boca de Tauce,4832.207,2006.465,2037.288,74.504,56.506,La Orotava,Parque Nacional El Teide
PR-TF 52.1,Monte del Agua. Ramal Las Huertas,Sendero,Lineal,Pista Monte del Agua,El Palmar,2941.05,508.242,788.075,94.563,374.396,Buenavista del Norte|Los Silos,Parque Rural Teno
PR-TF 40.1,Camino Punta del Risco,Sendero,Variante,Cruce del Cno Bco. La Calera y Cno. Las Traviesas,PRTF40 en pista tubería (Punta del Risco),1427.31,870.767,1141.628,86.341,357.202,Los Realejos,Parque Natural Corona Forestal
PR-TF 65,Santiago del Teide - Puerto Santiago,Sendero,Lineal,Santiago del Teide,Cruce Puerto Santiago,7866.824,145.194,930.369,96.732,881.907,Santiago del Teide,Parque Rural de Teno
PR-TF 12.2,Derivación a Pedro Álvarez (desde el Sendero PR TF 12),Sendero,Derivación,Cuadras de Don Benito,Pedro Álvarez,3482.551,517.353,844.644,51.802,362.079,Tegueste,Parque Rural Anaga
SL-TF 71,Camino de la Virgen,Sendero,Lineal,,,2077.307,21.356,131.027,118.252,10.166,Adeje,
SL-TF 299,Lomo Centeno,Sendero,Lineal,"Las Lagunetas (carretera TF-24, Pk 16)",Plaza de la Iglesia de San José (Barranco Hondo),5454.381,419.226,1412.456,1065.204,71.974,Candelaria,Paisaje Protegido Las Lagunetas
,Circular de Bolico (Corta),Sendero,Circular,"Aparcamiento cercano al Albergue de Bolico, frente al
depósito de agua (antes de llegar al portón de entrada del Albergue), en el
Camino Charco las Portelas, Las Portelas. ","Aparcamiento cercano al Albergue de Bolico, frente al
depósito de agua (antes de llegar al portón de entrada del Albergue), en el
Camino Charco las Portelas, Las Portelas. ",2427.781,802.063,970.873,183.375,183.375,Buenavista del Norte,Parque Rural Teno
PNT-24.1,Ramal conexión Portillo Alto - Jardín Botánico de El Portillo,Sendero,Enlace,Sendero PNT-24 Portillo Alto,Sendero PNT-01 La Fortaleza,496.818,2056.377,2093.985,4.101,40.41,La Orotava,Parque Nacional El Teide|Parque Natural Corona Forestal
PR-TF 70.3,Boca Tauce - Refugio de Chasogo,Sendero,Lineal,"Museo Etnográfico Juan Évora, Carretera de las Cañadas del Teide (TF-21), kilómetro 53,5","Casa de Chasogo, desde el sendero PR TF 70 (Guía - Tágara - Boca Tauce)",6134.486,1710.624,2078.33,209.04,453.26,Guía de Isora,Parque Nacional El Teide|Parque Natural Corona Forestal
SL-TF 201,Chío - Arguayo,Sendero,Lineal,"Punto kilométrico 28 de la Carretera Chío – Boca Tauce (TF 38), Chío","Centro Alfarero y Museo Etnográfico Cha Domitila, Calle Carretera General, 35, Arguayo",3910.355,731.157,1010.099,337.666,153.174,Guía de Isora|Santiago del Teide,
,Interpretado Autoguiado Circular Bosque de Los Enigmas,Sendero,Circular,Cruz del Carmen,Cruz del Carmen,4776.343,806.569,977.607,232.861,232.861,La Laguna|Tegueste,Parque Rural Anaga
PR-TF 54,Las Moradas,Sendero,Lineal,Erjos,Los Silos,11301.288,104.953,1037.906,676.592,1568.912,El Tanque|Los Silos,Parque Rural Teno
VM-3,Pista de El Fayal,Vehículos a motor,,"P.K. 15,9 de la carretera TF-24 La Laguna-El Portillo","El Frontón (Punto final de la vía asfaltada denominada “Camino del Monte” en Barranco Hondo, T.M. de Candelaria).",7072.752,1014.425,1420.874,67.683,466.347,Candelaria,Paisaje Protegido Las Lagunetas|Parque Natural Corona Forestal
PNT-02,Circular Arenas Negras,Sendero,Circular,Centro de Visitantes del Portilllo,Centro de Visitantes del Portilllo,8048.798,2045.657,2297.013,328.653,328.653,La Orotava,Parque Nacional El Teide|Parque Natural Corona Forestal
GR-131.1,Anaga - Chasna (Tramo de la Degollada de Guajara al Parador de las Cañadas),Sendero,Derivación,Parador Nacional,Cruce de Siete Cañadas con Degollada de Guajara,3578.225,2126.587,2212.132,124.147,89.278,La Orotava,Parque Nacional El Teide
PR-TF 43.4,Conexión La Montañeta con el Sendero PR TF 43,Sendero,Derivación,Sendero PR-TF-43 Garachico-Chinyero,Núcleo urbano de La Montañeta,674.899,921.58,972.78,4.183,54.162,Garachico,
PR-TF 25.2,Las Lagunetas - Área Recreativa Hoya del Abade,Sendero,Derivación,"Las Lagunetas (Km 16,5 de la carretera TF-24)",Área recreativa Hoya del Abade,5863.709,1004.904,1482.558,240.748,597.295,Candelaria|La Matanza de Acentejo|La Victoria de Acentejo,Paisaje Protegido Las Lagunetas
,Autoguiado Circular Finca los Pedregales por las Casas de los Pedregales (Ruta 1),Sendero,Circular,Centro de Información Turística del Parque Rural de Teno,Centro de Información Turística del Parque Rural de Teno,198.228,526.603,533.15,7.808,7.808,Buenavista del Norte,Parque Rural Teno
PNT-18,Chavao,Sendero,Lineal,Cruce de Boca Tauce,Mirador de las Narices del Teide,4417.653,2039.359,2086.181,163.144,124.219,Guía de Isora,Parque Nacional El Teide|Parque Natural Corona Forestal
SL-TF 27,Circular Los Nateros - Morra del Pino,Sendero,Circular,Los Nateros (conexión con sendero PR-TF 25.3 y SL-TF 26),Morra del Pino,6715.527,592.451,1008.527,504.413,504.413,La Matanza de Acentejo,Paisaje Protegido Las Lagunetas
SL-TF 26,Circular Los Nateros - La Vica,Sendero,Circular,Los Nateros,Sendero PR-TF-25.3 en las proximidades del mirador de La Vica,5418.113,603.596,867.225,367.13,367.13,La Matanza de Acentejo,Paisaje Protegido Las Lagunetas
PR-TF 70.7,Ramal a Aripe,Sendero,Derivación,"Camino Nuevo, nº 5, Aripe",Cruce de la Calle Barranco con el Sendero PR TF 70 Guía – Tágara – Boca Tauce,370.103,730.394,740.914,19.64,16.285,Guía de Isora,
SL-TF 296,La Mesa,Sendero,Lineal,Plaza Dimas Coello (Igueste de Candelaria),Plaza de Araya,6640.273,174.855,805.865,676.088,842.033,Candelaria,Parque Natural Corona Forestal
PR-TF 56,El Palmar - Casas de La Cumbre,Sendero,Lineal,El Palmar,Casas de la Cumbre(Bolico),5620.036,508.242,1154.862,694.169,47.549,Buenavista del Norte,Parque Rural Teno
PR-TF 83.2,Camino de La Corredera,Sendero,Derivación,Sendero PR-TF-83 (Camino Real Madre del Agua),Sendero PR-TF-83.1 (Camino Los Cardos),1765.97,1334.31,1394.27,153.556,110.328,Granadilla de Abona,Parque Natural Corona Forestal
PR-TF 10.1,Degollada Las Escaleras - Las Carboneras - Chinamada,Sendero,Variante,Las Escaleras,Chinamada,3139.711,610.417,714.884,176.444,279.085,La Laguna,Parque Rural Anaga
SL-TF 81,Circular Camino de La Orilla del Monte,Sendero,Circular,Junto Arboretum Aguamansa,Junto Arboretum Aguamansa,3884.121,1039.929,1191.425,219.094,219.094,La Orotava,Parque Natural Corona Forestal
PR-TF 04,El Bailadero - Taganana,Sendero,Lineal,El Bailadero,Taganana,3051.444,161.8,681.813,109.898,629.894,Santa Cruz de Tenerife,Parque Rural Anaga
VM-2.1,Pista de Lomo Atravesado,Vehículos a motor,,,,4548.447,1441.053,1679.297,290.497,52.253,La Victoria de Acentejo|Santa Úrsula,Paisaje Protegido Las Lagunetas
VM-13,Pista La Bermeja y Pista Almagre y Cabezón,Vehículos a motor,,"P.K. 21,4 de la carretera TF-21 La Orotava-Granadilla",Pista Chanajiga­Fuente Los Corchos (n° 12).,8705.217,1368.881,1480.035,244.157,191.487,La Orotava|Los Realejos,Parque Natural Corona Forestal
VM-11,Pista de Ramón Caminero a Izaña o Pista de Montaña Limón,Vehículos a motor,,"P.K. 37,9 de la carretera TF-21 La Orotava-Granadilla.",Límite Parque nacional del Teide por Pista de Montaña Limón,13694.479,1575.418,1998.605,450.028,26.841,La Orotava,Parque Natural de Corona Forestal
PR-TF 53.1,Cuevas Negras desvío Tierra del Trigo,Sendero,Circular,Cuevas Negras,Tierra del Trigo,2260.162,475.568,639.529,194.569,146.203,Los Silos,Parque Rural Teno
SL-TF 904,Camino del Socorro - Punta Los Picos,Sendero,Lineal,"Camino del Socorro, a la altura de la rotonda de la Avioneta, Manzana 13, Polígono Industrial de Güímar.","Sendero Camino de la Mar, a la altura de la Punta de los Picos.",2366.497,13.579,74.256,48.561,79.774,Güímar,Reserva Natural Especial del Malpaís de Güímar
VM-19.2,Ramal desvío hacia Las Abiertas,Vehículos a motor,,,,413.624,1086.459,1100.578,5.87,16.751,Garachico|Icod de los Vinos,Parque Natural Corona Forestal
BC-1.7,La Orilla del Monte,Bicicletas y caballos,Variante,"Inicio de pista de Benijos y cruce con BC-1 en km 39,313","Cruce con BC-1 en km 47,427",4358.339,1052.351,1133.235,114.245,132.828,La Orotava,Parque Natural Corona Forestal
VM-5.1,Pista Hoya Mona,Vehículos a motor,,,,2606.858,1042.017,1221.552,191.517,12.464,Santa Úrsula,Paisaje Protegido Las Lagunetas
,Accesible Agua García,Sendero,Lineal,Centro de Información patrimonial de Agua García,Área descanso Bosque Agua García,205.535,814.295,830.806,18.88,7.743,Tacoronte,Paisaje Protegido Las Lagunetas
,Circular de los Sentidos 2.- Lo que encierra el Monteverde,Sendero,Circular,Cruz del Carmen,Cruz del Carmen,1242.118,868.788,951.342,91.185,91.185,La Laguna|Santa Cruz de Tenerife,Parque Rural Anaga
PNT-26,Ucanca,Sendero,Lineal,Sendero nº 3 junto al Roque La Catedral,Mirador de Ucanca (carretera TF-21),1792.536,2011.962,2023.237,19.519,22.122,La Orotava,Parque Nacional El Teide
VM-4,Pista de El Rayo - Pista de El Fondo (1),Vehículos a motor,,Calle Grano de Oro,Cruce Pista El Rayo - Pista La Vica,5882.78,1058.381,1182.436,153.028,115.397,El Rosario|El Sauzal|La Matanza de Acentejo|Tacoronte,Paisaje Protegido Las Lagunetas
PNT-36,Circular Alto de La Fortaleza,Sendero,Circular,Sendero nº 29 junto a la Cruz de Fregel,Sendero nº 29 junto a la Cruz de Fregel,2190.591,2085.345,2161.762,92.655,92.655,Los Realejos|San Juan de la Rambla,Parque Nacional El Teide|Parque Natural Corona Forestal
VM-6,"Pista La Vica, Las Aguilillas, Montaña El Pozo, Carril del Polvo, Baja Camella y Las Calderetas",Vehículos a motor,,Mirador de La Vica (T.M. de La Matanza),Pista de Fuente Fría (n° 1),7263.222,920.96,1069.712,313.252,228.87,El Sauzal|La Matanza de Acentejo|Tacoronte,Paisaje Protegido Las Lagunetas
PR-TF 52.2,Monte del Agua. Ramal Las Lagunetas,Sendero,Lineal,Pista Monte del Agua,El Palmar,2490.451,510.029,747.82,12.38,250.171,Buenavista del Norte,Parque Rural Teno
VM-9,Pista General de Arico,Vehículos a motor,,Área recreativa “El Contador”,Pista El Palmero,21769.972,1268.564,2035.881,1157.383,392.157,Arico,Parque Natural de Corona Forestal
,Autoguiado Circular Finca los Pedregales por el Área Recreativa (Ruta 2),Sendero,Circular,A.R. Los Pedregales,A.R. Los Pedregales,681.58,594.218,639.949,57.337,57.337,Buenavista del Norte,Parque Rural Teno
,Autoguiado Erjos - Monte del Agua,Sendero,Lineal,"Plaza Grande de Erjos, Avenida Simón Bolívar 1",Mirador Monte del Agua,1336.961,980.659,1042.027,134.328,126.542,El Tanque|Los Silos,Parque Rural de Teno
,Circular de Bolico (Larga),Sendero,Circular,"Biblioteca de Las Portelas, Carretera Las Portelas (TF-436),
kilómetro 8,8.","Biblioteca de Las Portelas, Carretera Las Portelas (TF-436),
kilómetro 8,8.",7264.942,673.168,1158.954,591.56,591.56,Buenavista del Norte,Parque Rural Teno
PR-TF 06.1,Chamorga - Casas de Tafada - Faro de Anaga,Sendero,Variante,Chamorga,Faro de Anaga,2778.426,271.383,619.106,211.33,412.215,Santa Cruz de Tenerife,Parque Rural Anaga
BC-1.2,Las Calderetas,Bicicletas y caballos,Derivación,"Cruce con BC 1 en km 10,332",Área Recreativa Las Calderetas,1006.21,950.551,986.602,9.153,43.277,El Sauzal,Paisaje Protegido Las Lagunetas
PNT-24,Portillo Alto,Sendero,Lineal,"El Portillo Alto (PK 33,1 de la carretera TF-21)",Sendero nº 1 en la zona del Roque del Peral,1472.651,2065.648,2127.24,21.876,82.173,La Orotava,Parque Nacional El Teide|Parque Natural Corona Forestal
PNT-13.1,Ramal Alto de Sámara,Sendero,Lineal,"Sendero nº 13 Sámara, junto a Montaña Sámara",En lo alto de Montaña Sámara,264.694,1898.205,1935.572,44.011,7.196,Guía de Isora,Parque Nacional El Teide|Parque Natural Corona Forestal
,Accesible Caramujo,Sendero,Lineal,Mirador del Roque del Caramujo,Roque Caramujo,203.518,2214.857,2218.586,5.294,3.237,La Orotava,Parque Nacional El Teide|Parque Natural Corona Forestal
BC-1.10,La Tahona,Bicicletas y caballos,Derivación,"Cruce con BC-1 en km 60,118",La Tahona,355.131,1071.931,1098.986,0.413,27.468,San Juan de la Rambla,Parque Natural Corona Forestal
,Autoguiado Circular Teno Alto,Sendero,Circular,,,2767.908,715.312,772.462,90.764,90.764,Buenavista del Norte,Parque Rural Teno
PR-TF 35.1,Casa del Agua - Pinolere,Sendero,Derivación,La Caldera,Pinolere (por Cno. Candelaria),4216.3,750.216,1203.659,234.753,626.787,La Orotava,Paisaje Protegido La Resbala|Parque Natural Corona Forestal
PR-TF 41.1,Derivación al Portillo - Ruta 0.4.0,Sendero,Derivación,Sendero PR-TF-41 Playa del Socorro-Pico Teide,El Portillo Alto,3050.245,2049.578,2127.24,129.889,78.881,La Orotava,Parque Nacional El Teide|Parque Natural Corona Forestal
VM-20.1,Acceso aparcamiento Arenas Negras,Vehículos a motor,,,,269.896,1205.702,1228.653,22.951,0.0,Garachico,Parque Natural Corona Forestal
,La Asomada - Cruz de Afur (Zona de Exclusión Monte Aguirre),Sendero,Lineal,Pista Mirador de Jardina,Carretera a Pico del Inglés,2366.287,761.394,985.821,391.473,172.583,La Laguna|Santa Cruz de Tenerife,Parque Rural Anaga
PNT-28.1,Ramal de Chafarí,Sendero,Derivación,Boca Tauce,Sendero nº 28,454.768,2039.755,2054.338,1.26,15.136,Guía de Isora|La Orotava,Parque Nacional El Teide
PR-TF 25.6,Conexión PR TF 25.2 con PR TF 25.3,Sendero,Enlace,Las Lagunetas,Las Lagunetas,707.55,1386.328,1463.952,4.912,82.536,La Matanza de Acentejo|La Victoria de Acentejo,Paisaje Protegido Las Lagunetas
PR-TF 51.1,Los Carrizales,Sendero,Lineal,Los Carrizales,Sendero PR-TF-51 San José de Los Llanos,2076.565,419.045,885.848,518.07,51.267,Buenavista del Norte,Parque Rural Teno
BC-1.3,La Vica,Bicicletas y caballos,Derivación,"Cruce con BC-1 en km 11,591",Mirador La Vica,1811.055,924.056,1022.9,25.819,124.663,La Matanza de Acentejo,Paisaje Protegido Las Lagunetas
PNT-01,La Fortaleza,Sendero,Lineal,Centro de Visitantes del Portilllo,"Límite del parque nacional, Cuesta de La Fortaleza",5476.93,1899.717,2083.634,121.256,276.33,La Orotava|San Juan de la Rambla,Parque Nacional El Teide|Parque Natural Corona Forestal
,Accesible Monte del Agua,Sendero,Lineal,"Calle Las Cruces, Los Silos",Mirador de Monte del Agua,129.27,1006.243,1042.027,88.746,107.455,Los Silos,Parque Rural de Teno
BC-3,Pinar de Chío,Bicicletas y caballos,Lineal,En pk 18 de la carretera TF-38,"En pk 18,7 de la carretera TF-38",9325.702,1087.384,1283.158,305.535,352.937,Guía de Isora|Santiago del Teide,Parque Natural Corona Forestal
PNT-12,Mirador de Pico Viejo,Sendero,Lineal,La Rambleta,Mirador de Pico Viejo,724.771,3498.706,3552.989,20.67,66.265,La Orotava,Monumento Natural El Teide|Parque Nacional El Teide
,"Circular El Palmar - Baracán, por Teno Alto",Sendero,Circular,"Centro de Visitantes Los Pedregales, Parque Rural de Teno,
Carretera de Buenavista (TF-436), km 6.","Centro de Visitantes Los Pedregales, Parque Rural de Teno,
Carretera de Buenavista (TF-436), km 6.",9664.027,530.357,974.759,775.523,775.523,Buenavista del Norte,Parque Rural Teno
PR-TF 06.2,Roque de Las Bodegas - Almáciga - Benijo - El Draguillo,Sendero,Variante,Playa de Roque de Las Bodegas,El Draguillo,4441.787,1.55,181.899,363.613,191.223,Santa Cruz de Tenerife,Parque Rural Anaga
PNT-13,Circular Sámara,Sendero,Lineal,"Km 7,5 de la carretera TF-38","Km 7,5 de la carretera TF-38",4591.961,1871.837,2100.973,256.685,256.685,Guía de Isora,Parque Nacional El Teide|Parque Natural Corona Forestal
,"Circular Erjos - Monte del Agua, por Fuente Los Loros",Sendero,Circular,"Calle Las Cruces, Erjos.","Calle Las Cruces, Erjos.",9256.805,939.149,1250.856,758.272,758.272,Buenavista del Norte|El Tanque|Los Silos|Santiago del Teide,Parque Rural Teno
PR-TF 70.2,Boca Tauce - Las Fuentes,Sendero,Derivación,Sendero PR-TF-70 Guía-Tágara-Boca Tauce,Sendero PR-TF-69 Chío-Vera de Erques,6723.791,992.202,1974.72,47.101,1027.169,Guía de Isora,Parque Natural Corona Forestal
PNT-35,Boca Chavao,Sendero,Lineal,Sendero nº 18 en la Boca de Chavao,"Límite del parque nacional, en la pista forestal de Iserse, junto a la Fuente de Chavao",729.019,1963.153,2078.163,7.376,122.386,Guía de Isora,Parque Nacional El Teide|Parque Natural Corona Forestal
,Circular de Bolico (Media),Sendero,Circular,"Aparcamiento cercano al Albergue de Bolico, frente al
depósito de agua (antes de llegar al portón de entrada del Albergue), en el
Camino Charco las Portelas, Las Portelas. ","Aparcamiento cercano al Albergue de Bolico, frente al
depósito de agua (antes de llegar al portón de entrada del Albergue), en el
Camino Charco las Portelas, Las Portelas. ",3668.405,802.063,1070.014,294.158,294.158,Buenavista del Norte,Parque Rural Teno
BC-1.9,Barranco de La Arena,Bicicletas y caballos,Derivación,"Cruce con BC-1en km 56,265",Zona Acampada Fuente Pedro,3478.735,1252.904,1312.144,185.149,223.779,San Juan de la Rambla,Parque Natural Corona Forestal
PR-TF 43.6,Mirador de Los Poleos - Chinyero,Sendero,Derivación,"Mirador de Los Poleos, Carretera Chío - Boca Tauce (TF-38), km 15,6","Sendero PR TF 43 Garachico – Chinyero, a la altura de la Pista Montaña de la Cruz",1299.576,1437.211,1470.959,53.51,19.762,Santiago del Teide,Parque Natural de Corona Forestal|Reserva Natural Especial del Chinyero
PR-TF 71.1,Boca del Paso - La Quinta,Sendero,Derivación,"Sendero PR TF 71, a la altura de Boca del Paso","Ermita de Santa Margarita, La Quinta, Adeje",1695.249,908.816,950.532,86.944,108.791,Adeje,Parque Natural de Corona Forestal
SL-TF 302,Circular Las Erillas,Sendero,Circular,"Rotonda al final de la Calle Grano de Oro, Las Erillas, El Rosario","Rotonda al final de la Calle Grano de Oro, Las Erillas, El Rosario",2867.345,1033.445,1126.117,130.794,130.794,El Rosario,Paisaje Protegido Las Lagunetas
,Accesible Alto de Guamaso,Sendero,Lineal,"Km 42,3, TF-24","Km 42,3, TF-24",302.139,2066.503,2078.036,1.524,12.582,La Orotava,Parque Nacional El Teide|Parque Natural Corona Forestal
SL-TF 303,Camino Los Panascos,Sendero,Lineal,"Ermita Nuestra Señora de la Candelaria, km 2 de la Carretera Escuela Hogar (TF-274), Las Barreras, El Rosario","Camino de Candelaria, zona del Barranco de los Valentines, El Rosario",2602.915,575.087,875.025,16.941,314.319,El Rosario,Paisaje Protegido de Las Lagunetas
PNT-34,Montaña Limón,Sendero,Lineal,Donde el Sendero nº 21 abandona la pista para subir hacia El Mal Abrigo y Yegüa Blanca,"Límite del parque nacional, ladera norte de Montaña Limón",1256.67,1998.756,2096.529,1.038,98.811,La Orotava,Parque Nacional El Teide|Parque Natural Corona Forestal
PR-TF 09,Afur - Las Carboneras,Sendero,Lineal,Las Carboneras/Taborno/Afur,Las Carboneras/Taborno/Afur,5658.003,205.236,637.802,838.424,450.706,La Laguna|Santa Cruz de Tenerife,Parque Rural Anaga
PNT-32,Abeque,Sendero,Lineal,"Mirador de Sámara (PK 7,6 de la carretera TF-38)",Sendero nº 9 cerca de la zona de El Encerradero,2424.734,1932.28,2070.282,162.619,37.188,Guía de Isora,Parque Nacional El Teide|Parque Natural Corona Forestal
SL-TF 900,Circular Montaña Grande,Sendero,Circular,Puente de El Socorro,Puente del Socorro,3483.116,81.474,121.456,68.99,68.99,Güímar,Reserva Natural Especial del Malpaís de Güímar
,Adaptado Pista de las Hiedras,Sendero,Lineal,"Cruce del Moquinal, Camino de El Batán (TF-143), kilómetro 0,4",Pista Las Hiedras,947.837,831.461,855.269,27.823,47.291,La Laguna,Parque Rural Anaga
SL-TF 902,Montaña Grande - Puertito de Güímar (Camino Samarines),Sendero,Lineal,Montaña Grande,Puertito de Güímar,1766.61,7.293,115.806,5.107,113.62,Güímar,Reserva Natural Especial del Malpaís de Güímar
SL-TF 296.2,Barranco Chacorche,Sendero,Derivación,Plaza Dimas Coello (Igueste de Candelaria),Galería de Chacorche,2533.602,248.685,703.653,485.397,30.429,Candelaria,Parque Natural Corona Forestal
PR-TF 01,Las Mercedes - Cruz del Carmen,Sendero,Lineal,Plaza de Las Mercedes,Mirador de la Cruz del Carmen,2503.586,651.336,951.342,326.531,26.525,La Laguna|Santa Cruz de Tenerife,Parque Rural Anaga
PNT-09,Teide - Pico Viejo - Mirador de Las Narices del Teide,Sendero,Lineal,Mirador de Pico Viejo,"Mirador de Narices del Teide (PK 3,2 carretera TF-38)",9611.851,2048.25,3498.706,192.382,1604.609,Guía de Isora|La Orotava,Monumento Natural El Teide|Parque Nacional El Teide
BC-2,Monte de La Esperanza,Bicicletas y caballos,Lineal,Zona de Acampada Las Raíces,La Lagunetas,6282.919,1033.034,1416.728,524.143,148.188,Candelaria|El Rosario,Paisaje Protegido Las Lagunetas
SL-TF 292,Samarines,Sendero,Lineal,Plaza de la Patrona de Canarias (Candelaria),Plaza de Playa de la Viuda,2193.875,0.902,37.519,172.025,176.731,Candelaria,
VM-7,Pista de Las Goteras,Vehículos a motor,,"P.K. 13,4 de la carretera TF-24 La Laguna-El Portillo",Cruce con la Pista del Rayo (n° 4 y 5).,2396.586,1102.38,1289.261,2.402,189.283,El Rosario|Tacoronte,Paisaje Protegido Las Lagunetas
PR-TF 35,Circular La Caldera - Mamio - La Caldera,Sendero,Circular,La Caldera,La Caldera,5566.856,1006.08,1192.446,368.872,368.872,La Orotava,Parque Natural Corona Forestal
PR-TF 53,Autoguiado Cuevas Negras,Sendero,Lineal,Erjos,Los Silos,5281.32,104.772,999.921,608.005,1500.5,El Tanque|Los Silos,Parque Rural de Teno
PNT-39,Teleférico - Montaña Blanca - Minas de San José,Sendero,Lineal,Acceso a Sendero 16 Sanatorio (frente al Teleférico,Minas de San José,7044.6,2212.844,2365.074,392.261,408.614,La Orotava,Parque Nacional El Teide
BC-1.1,Lomo de La Jara,Bicicletas y caballos,Derivación,Centro Interpretación Patrimonial Agua García,Cruce con BC-1,1574.367,868.811,999.344,140.831,10.298,Tacoronte,Paisaje Protegido Las Lagunetas
PNT-22,Lomo Hurtado,Sendero,Lineal,En el cruce con los senderos nº 1 La Fortaleza y nº 25 Recibo Quemado,Sendero nº 6 en la zona de la Montaña de Los Conejos,5108.642,2053.85,2479.519,62.11,466.186,La Orotava,Monumento Natural El Teide|Parque Nacional El Teide
PR-TF 25.1,Circular Área Recreativa Las Raíces,Sendero,Circular,Área recreativa Las Raíces,Área recreativa Las Raíces,5345.291,933.546,1055.197,328.962,328.962,El Rosario,Paisaje Protegido Las Lagunetas
VM-1,Pista de Fuente Fría,Vehículos a motor,Lineal,Casa Forestal de Agua García (Tacoronte),"Punto kilométrico 15,9 de la Carretera TF-24 La Laguna - El Portillo",7584.091,815.548,1416.124,637.838,43.917,El Rosario|El Sauzal|La Matanza de Acentejo|Tacoronte,Paisaje Protegido de Las Lagunetas
PNT-06,Montaña de los Tomillos,Sendero,Lineal,Sendero nº 1 La Fortaleza,Sendero nº 7  Montaña Blanca - La Rambleta,5121.915,2058.736,2531.786,489.502,16.452,La Orotava,Monumento Natural El Teide|Parque Nacional El Teide|Parque Natural Corona Forestal
VM-21,Pista Madre del Agua,Vehículos a motor,,"P.K. 65,6 de la carretera TF-21 La Orotava-Granadilla",Campamento Madre del Agua,8481.562,1585.919,1711.934,368.266,330.344,Granadilla de Abona|Vilaflor,Parque Natural Corona Forestal
PR-TF 55,Talavera,Sendero,Lineal,Los Silos,El Palmar,5095.934,168.837,776.426,701.653,362.248,Buenavista del Norte|Los Silos,Parque Rural Teno
VM-15,Pista de Lolita y Caños Chingue,Vehículos a motor,,"Punto final de la pista de hormigón denominada “Lolita” que sale en el P.K.1,9 de la carretera TF-344 Icod el Alto-La Guancha",Pista Vistas de Sánchez (n° 17).,4956.841,1096.208,1481.144,445.685,65.737,Los Realejos,Paisaje Protegido Campeches| Tigaiga y Ruiz|Parque Natural Corona Forestal
BC-1.8,Ramón Caminero por La Bermeja,Bicicletas y caballos,Derivación,"Cruce con BC-1 en km 47,476",Área Recreativa Ramón Caminero,8868.532,1185.698,1589.597,563.953,165.508,La Orotava|Los Realejos,Parque Natural Corona Forestal
PR-TF 52,Erjos - Las Portelas,Sendero,Lineal,Erjos,Las Portelas,10685.863,689.828,1037.906,797.628,1106.257,Buenavista del Norte|El Tanque|Los Silos,Parque Rural Teno
PR-TF 43.2,Los Partidos de Franquis - Montaña Chinyero,Sendero,Derivación,Pino Loro junto a pista Partidos de Franquis,Chinyero,4846.327,1133.564,1427.63,349.68,59.408,El Tanque|Santiago del Teide,Parque Rural Teno|Reserva Natural Especial Chinyero
PNT-07,Montaña Blanca - La Rambleta (estación superior del teleférico),Sendero,Lineal,"Km 40,2 de la carretera TF-21",Sendero nº 11 Mirador de La Fortaleza,8291.847,2348.286,3535.726,1309.079,121.639,La Orotava,Monumento Natural El Teide|Parque Nacional El Teide
PR-TF 08,Afur - Taganana - Afur,Sendero,Circular,Taganana,Afur,14305.687,3.947,860.514,1602.974,1604.674,Santa Cruz de Tenerife,Parque Rural Anaga
BC-1.11,Las Hayas,Bicicletas y caballos,Derivación,"Cruce con BC-1 en km 68,750",Área Recreativa Las Hayas,4540.107,1007.4,1180.76,177.316,325.727,Icod de los Vinos,Parque Natural Corona Forestal
PR-TF 70.1,Boca Tauce - El Jaral,Sendero,Derivación,Sendero PR-TF-70 Guía-Tágara-Boca Tauce,Caserío de El Jaral,7040.06,845.659,2041.389,60.874,1253.138,Guía de Isora,Parque Natural Corona Forestal
PNT-04.1,Ramal Portillo Alto,Sendero,Derivación,Sendero nº 4 Siete Cañadas,"Caserio del Portillo Alto (PK 33,1 de la carretera TF-21)",584.545,2098.285,2131.251,43.577,10.746,La Orotava,Parque Nacional El Teide|Parque Natural Corona Forestal
BC-1.12,Arenas Negras,Bicicletas y caballos,Derivación,"Cruce con BC-1 en km 73,413",Área Recreativa Arenas Negras,8348.638,1228.653,1362.039,123.794,253.939,Garachico|Icod de los Vinos,Parque Natural Corona Forestal
SL-TF 206,El Jaral - Guía de Isora,Sendero,Lineal,"Calle Santiago Apóstol, en el cruce con la Calle Niágara, El Jaral","Plaza Nuestra Señora de la Luz, Calle Ayuntamiento, Guía de Isora",3677.574,575.657,846.755,165.57,421.395,Guía de Isora,
PNT-11,Mirador de la Fortaleza,Sendero,Lineal,La Rambleta,Mirador de La Fortaleza,577.862,3535.338,3554.716,38.522,41.641,La Orotava,Monumento Natural El Teide|Parque Nacional El Teide
PNT-16,Sanatorio,Sendero,Lineal,Km 43.3 de la carretera TF-21,Sendero nº 4  Siete Cañadas,4581.268,2196.593,2294.707,63.781,155.082,La Orotava,Parque Nacional El Teide
PNT-19,Majúa,Sendero,Lineal,"PK 43, 3 de la carretera TF-21",Parador de Las Cañadas,4180.528,2148.253,2294.707,20.026,166.48,La Orotava,Parque Nacional El Teide
PR-TF 43,Garachico - Chinyero,Sendero,Lineal,Núcleo Garachico,Chinyero,18713.689,15.022,1540.34,1810.367,422.838,El Tanque|Garachico|Santiago del Teide,Paisaje Protegido Acantilados de La Culata|Parque Natural Corona Forestal|Reserva Natural Especial Chinyero
PR-TF 25,Área Recreativa Las Raíces - Área Recreativa Lomo de La Jara,Sendero,Lineal,Área recreativa Las Raíces,Área recreativa Lomo de La Jara,10570.82,897.932,1416.124,657.423,728.747,Candelaria|El Rosario|El Sauzal|La Matanza de Acentejo|Tacoronte,Paisaje Protegido de Las Lagunetas
PR-TF 12,Cruz del Carmen - Bajamar,Sendero,Lineal,Cruz del Carmen/Bajamar,Bajamar/Cruz del Carmen,10526.37,31.026,977.607,181.525,1098.661,La Laguna|Tegueste,Parque Rural Anaga
PR-TF 25.4,Circular Área Recreativa Lomo de La Jara,Sendero,Variante,Área recreativa Lomo de La Jara,Área recreativa Lomo de La Jara,2570.827,813.675,920.267,168.747,168.747,Tacoronte,Paisaje Protegido Las Lagunetas
VM-19,Pista Fuente Santa,Vehículos a motor,,Área recreativa “El Lagar”,"La Montañeta, (T.M. de Garachico) en el P.K 9 de la carretera TF-373 Icod de Los Vinos-Puerto de Erjos, pasando por el área recreativa “Las Hayas”",14421.338,1008.276,1217.835,457.132,450.553,Garachico|Icod de los Vinos,Parque Natural Corona Forestal
PR-TF 06.3,Benijo - Cruz del Draguillo,Sendero,Circular,Benijo,Cruz de El Draguillo,2190.612,80.704,482.045,516.522,141.693,Santa Cruz de Tenerife,Parque Rural Anaga
PNT-28,Chafarí,Sendero,Lineal,"PK 0,6 de la carretera TF-38",Sendero nº 9 en la zona superior de las Narices del Teide,6595.541,2034.983,2746.186,756.028,47.13,La Orotava,Monumento Natural El Teide|Parque Nacional El Teide
PNT-31.1,Ramal del Lomo Los Pegueros,Sendero,Derivación,Sendero nº 31 Cumbres de Ucanca,Lomo de Los Pegueros,398.487,2244.718,2281.486,8.523,45.291,Vilaflor,Parque Nacional El Teide|Parque Natural Corona Forestal
PNT-20,Circular Volcán de Fasnia,Sendero,Circular,Corral del Niño (PK 38 de la carretera TF-24),"Cruce de Izaña (PK 37,5 de la carretera TF-24)",8228.811,2179.595,2327.416,223.931,223.931,Fasnia,Parque Nacional El Teide|Parque Natural Corona Forestal
PNT-15,Alto de Guajara,Sendero,Lineal,Degollada de Guajara,Degollada de Ucanca,3380.746,2377.625,2681.449,369.741,337.206,Granadilla de Abona|La Orotava|Vilaflor,Parque Nacional El Teide|Parque Natural Corona Forestal
VM-17,"Pista del P.K. 29, Pista de las Vistas de Sánchez, Pista Barranco de la Arena y Pista El Lagar",Vehículos a motor,,"P.K. 29,3 de la carretera TF-21 La Orotava-Granadilla","P.K.8,8 de la carretera TF-344 La Guancha a Icod El Alto (en el punto conocido como Choza “Casa de La Pradera”), pasando por “La Piedra de los Pastores”, el campamento y aula de la Naturaleza",18969.324,721.154,1880.354,188.047,1347.247,Icod de los Vinos|La Guancha|Los Realejos|San Juan de la Rambla,Parque Natural Corona Forestal
PR-TF 41,Playa del Socorro - Pico Teide (Ruta 0.4.0),Sendero,Lineal,Playa del Socorro,La Rambleta,27234.637,13.922,3554.716,3861.546,333.05,La Orotava|Los Realejos|San Juan de la Rambla,Monumento Natural El Teide|Paisaje Protegido Campeches| Tigaiga y Ruiz|Parque Nacional El Teide|Parque Natural Corona Forestal
PR-TF 03,Casas de La Cumbre - Valle Brosque - Casa Forestal,Sendero,Lineal,Casas de La Cumbre,Casa Forestal,6334.351,265.707,934.041,792.475,783.775,Santa Cruz de Tenerife,Parque Rural Anaga
PNT-21,Corral del Niño - Yegua Blanca,Sendero,Lineal,Corral del Niño (PK 38 de la carretera TF-24),"PK 33,3 de la carretera TF-24",6422.598,2096.529,2289.185,187.425,256.332,Fasnia|Güímar|La Orotava,Parque Nacional El Teide|Parque Natural Corona Forestal
PNT-36.1,Ramal Alto de La Fortaleza,Sendero,Derivación,Sendero nº 36 Alto de la Forlaleza,Mirador de La Abejera y Pico Cabras,197.358,2123.608,2129.818,1.06,7.136,San Juan de la Rambla,Parque Nacional El Teide|Parque Natural Corona Forestal
,"Circular El Palmar - Monte del Agua, por Las Lagunetas",Sendero,Circular,"Inicio de la Calle Los Llanitos, en el Camino Las Canales,
El Palmar, Buenavista del Norte.","Inicio de la Calle Los Llanitos, en el Camino Las Canales,
El Palmar, Buenavista del Norte.",7299.258,510.934,817.244,462.907,462.907,Buenavista del Norte|Los Silos,Parque Rural Teno
VM-20,Pista de Arenas Negras y Pista de Montaña Cascajo,Vehículos a motor,,"P.K. 9,2 de la carretera TF-373 Icod de Los Vinos-Puerto de Erjos (por San José de Los Llanos)","P.K. 12 de la carretera TF-38 Boca Tauce-Chío, pasando por el área recreativa “Arenas Negras""",14196.861,1043.897,1678.681,811.773,236.416,El Tanque|Garachico|Guía de Isora|Santiago del Teide,Parque Natural Corona Forestal|Reserva Natural Especial Chinyero
BC-4,Pinares del Sur y Volcanes Negros,Bicicletas y caballos,Lineal,Área recreativa El Contador,Volcanes Negros,14727.878,1248.001,1963.565,1081.774,366.21,Arico,Parque Natural Corona Forestal
,Circular Viñátigos Centenarios - Guardianes Centenarios,Sendero,Circular,Centro de Información Patrimonial de Agua García,Centro de Información Patrimonial de Agua García,1018.635,814.295,872.171,79.572,79.572,Tacoronte,Paisaje Protegido Las Lagunetas
PR-TF 43.3,Santiago del Teide - Montaña Chinyero,Sendero,Derivación,Santiago del Teide,Chinyero,7483.351,928.426,1424.724,584.042,90.285,Santiago del Teide,Reserva Natural Especial Chinyero
VM-12,Pista Chanajiga - Fuente Los Corchos,Vehículos a motor,,Área recreativa “Chanajiga”,Pista del P.K.29 (n° 17).,6817.708,1179.316,1641.357,517.065,60.849,Los Realejos,Parque Natural Corona Forestal
BC-2.1,Campamento La Esperanza,Bicicletas y caballos,Derivación,Cruce con BC-2 en km 1.238,Campamento de La Esperanza,3588.612,933.546,1104.826,77.738,237.364,El Rosario,Paisaje Protegido Las Lagunetas
PR-TF 12.1,Derivación a Tegueste (desde el Sendero PR TF 12),Sendero,Derivación,El Juntadero,Tegueste,5270.573,399.088,757.144,132.46,490.516,La Laguna|Tegueste,Parque Rural Anaga
VM-5,Pista de El Rayo - Pista de El Fondo (2),Vehículos a motor,,Cruce Pista El Rayo - Pista La Vica,Pista Lagunetilla Chica,14238.101,851.942,1104.086,490.021,734.091,La Matanza de Acentejo|La Victoria de Acentejo|Santa Úrsula,Paisaje Protegido Las Lagunetas|Reserva Natural Especial Las Palomas
PNT-03,Circular Roques de García,Sendero,Circular,Mirador de La Ruleta,Mirador de La Ruleta,3471.781,2022.549,2183.538,202.19,202.19,La Orotava,Parque Nacional El Teide
PR-TF 59,Las Portelas - Masca,Sendero,Lineal,Las Portelas,El Turrón (Masca),3649.938,656.33,911.045,392.742,426.454,Buenavista del Norte,Parque Rural Teno
PNT-04,Siete Cañadas,Sendero,Lineal,Centro de Visitantes del Portillo,Centro de Visitantes de Cañada Blanca,16388.741,2045.246,2212.132,412.294,318.773,La Orotava,Parque Nacional El Teide|Parque Natural Corona Forestal
PNT-10,Telesforo Bravo,Sendero,Lineal,La Rambleta,Pico del Teide,656.294,3542.418,3714.504,182.535,11.494,La Orotava,Monumento Natural El Teide|Parque Nacional El Teide
BC-5,Pinares de Vilaflor,Bicicletas y caballos,Lineal,"En el pk 63,8 de la carretera TF-21","En la pk 65,6 de la carretera TF-21",13787.137,1585.919,1940.762,593.832,749.612,Granadilla de Abona|Vilaflor,Parque Natural Corona Forestal
PNT-31.2,Ramal Degollada del Sombrero de Chasna,Sendero,Derivación,Sendero nº 31 Cumbres de Ucanca,Sendero nº 31 Cumbres de Ucanca,1049.776,2273.315,2406.319,141.394,22.387,Vilaflor,Parque Nacional El Teide|Parque Natural Corona Forestal
PR-TF 58,Camino del Risco,Sendero,Lineal,Casablanca (Buenavista),Teno Alto,3729.912,114.928,784.026,843.977,186.443,Buenavista del Norte,Parque Rural Teno
,Accesible Jardín Botánico Circular,Sendero,Circular,Centro Visitantes El Portillo,Centro Visitantes El Portillo,399.268,2050.0,2059.281,11.721,11.721,La Orotava,Parque Nacional El Teide|Parque Natural Corona Forestal
PR-TF 57,Callejón de Teno,Sendero,Lineal,Carretera Buenavista - TF-436,Teno Alto,3865.785,530.357,830.433,452.847,212.163,Buenavista del Norte,Parque Rural Teno
PR-TF 43.5,Circular Área Recreativa Arenas Negras,Sendero,Circular,Area Recreativa de Arenas Negras,Area Recreativa de Arenas Negras,5850.804,1226.536,1389.456,248.202,248.202,El Tanque|Garachico,Parque Natural de Corona Forestal|Reserva Natural Especial del Chinyero
PR-TF 40,Circular Ladera de Tigaiga,Sendero,Circular,El Realejo Alto,El Realejo Alto,14748.897,350.81,1266.887,1652.723,1652.723,Los Realejos,Parque Natural Corona Forestal
SL-TF 301,Circular Las Barreras,Sendero,Circular,"Ermita Nuestra Señora del Rosario, final de la Carretera La Ermita, Machado","Ermita Nuestra Señora del Rosario, final de la Carretera La Ermita, Machado",5874.013,389.566,769.22,446.515,446.515,El Rosario,
VM-2,Pista de Siete Fuentes,Vehículos a motor,,"P.K. 17,3 de la carretera TF-24 La Laguna-El Portillo","Pista del Rayo (n° 4 y 5) Cuenta con un ramal, la Pista de Lomo Atravesado, que conecta esta pista con el P.K. 23 de la carretera TF-24 La Laguna-El Portillo.",6585.521,1071.218,1513.609,61.372,476.146,La Victoria de Acentejo,Paisaje Protegido Las Lagunetas
PNT-14,Circular Alto de Guamaso,Sendero,Circular,Km 42.3 de la carretera TF-24,Cruce de carreteras del Portillo,2862.337,2018.613,2081.151,86.904,132.68,La Orotava,Parque Nacional El Teide|Parque Natural Corona Forestal
,Camino a Candelaria (Tramo La Crucita - Arafo),Sendero,Lineal,La Crucita (PK 30 de la carretera TF-24).,Cumbres de Arafo,7166.011,508.681,1970.39,23.345,1485.054,Arafo,Paisaje Protegido Siete Lomas|Parque Natural Corona Forestal
VM-14,Pista de Mataznos,Vehículos a motor,,P.K. 19 de la carretera TF-21 La Orotava-Granadilla,Pista Chanajiga­Fuente Los Corchos (n° 12).,6001.927,1202.484,1274.03,106.124,174.49,La Orotava|Los Realejos,Parque Natural Corona Forestal
,Accesible Jardín Botánico Lineal,Sendero,Lineal,Centro Visitantes El Portillo,Mirador inicio PNT-01,301.026,2054.83,2063.936,11.171,2.314,La Orotava,Parque Nacional El Teide|Parque Natural Corona Forestal
PR-TF 72,Circular Vilaflor - Paisaje Lunar - Vilaflor,Sendero,Circular,Plaza Vilaflor,Plaza Vilaflor,13090.555,1376.892,1963.763,852.509,852.509,Granadilla de Abona|Vilaflor,Parque Natural Corona Forestal
PNT-27,Montaña Rajada,Sendero,Lineal,Sendero nº 7 (en la bifurcación de pistas de montaña),Sendero nº 6  entre Montaña de los Conejos y Montaña de los Tomillos,2137.325,2312.919,2411.785,36.532,132.292,La Orotava,Monumento Natural El Teide|Parque Nacional El Teide
PR-TF 35.2,Circular Ruta del Agua,Sendero,Variante,Pista Mamio,Casa del Agua,1944.447,1143.74,1338.092,327.397,335.503,La Orotava,Parque Natural Corona Forestal
PNT-05,Degollada de Guajara,Sendero,Lineal,Sendero nº 4 Siete Cañadas,Degollada de Guajara,1183.179,2182.062,2385.074,216.305,13.293,La Orotava,Parque Nacional El Teide|Parque Natural Corona Forestal
VM-18,Pista de Fuente Pedro,Vehículos a motor,,"P.K. 5,2 de la carretera TF-344 La Guancha a Icod El Alto","Pista Barranco de La Arena (n° 17), pasando por el área recreativa y zona de acampada “La Tahona” y por la zona de acampada “Barranco Fuente Pedro”.",4629.468,1038.757,1288.007,296.516,47.451,San Juan de la Rambla,Parque Natural Corona Forestal
PR-TF 05.1,Igueste de San Andrés - El Semáforo,Sendero,Derivación,Igueste de San Andrés,El Semáforo,2120.482,16.772,344.946,409.081,189.844,Santa Cruz de Tenerife,Parque Rural Anaga
PR-TF 69,Chío - Vera de Erques,Sendero,Lineal,Chío (Pk 33 de la carretera TF-82),Vera de Erques (Pk 11 de la carretera TF-465),14900.478,686.108,1110.275,1261.626,1125.541,Guía de Isora,Monumento Natural Montaña Tejina|Parque Natural Corona Forestal
